Username,Date,Content
@edgargl_,"Aug 17, 2023","El Oviedo tiene al mejor entrenador de la categoría (Cervera), la mejor pareja de centrales (Costas-Calvo), uno de los mejores LI (Bretones), uno de los mejores centros del campo (Luismi-Seoane-Camarasa), al mejor jugador de 2ª (Cazorla), y un DC que marcó 32 goles en las
Dejan Lekichi"
@Dejanlekichi,"Aug 17, 2023","Replying to 
@AojalaMe
 and 
@KorsarioN
La verdad es que el otro día vi a Cervera en la rueda de prensa en Oviedo diciendo q no eran buenos con el balón y visto con perspectiva creo que el cambio de ciclo estaba claro. Dudo q el Cádiz gane el juicio, pero al menos ahora tiene más dinero en la caja que en aquel momento.
OviedoBold"
@OviedoBold,"Aug 16, 2023","Obviamente no será tan tonto, pero si pasa eso en algún momento es despido inmediato, por mucho que me guste Cervera, ningún entrenador ni sus ideas por encima del club.
Quote
Nox"
@Noxaso,"Aug 16, 2023",Feuille des JO
@fdematch,"Aug 16, 2023","Replying to 
@fdematch
Move bien altruiste à l'image du type. Ca fait 22 ans qu'on n'a pas vu Oviedo en Liga, on peut rêver sous Cervera ?

https://x.com/moulamoneyy/st/moulamoneyy/status/1691916930901524710?s=20
This post is unavailable.
Tuka🔴⚪ RSG1905⚪🔴"
@Ivandesvan,"Aug 16, 2023","Replying to 
@Churru_15
Si acierta Cervera, el Oviedo debería estar en la quema
El Factor Villalba 🌾🇸🇳"
@villapucela,"Aug 16, 2023","Replying to 
@solopinciano
Por eso, nunca pudo jugar en el Oviedo al estar en el barro, pero se puede dar el gustazo ahora.  Eso sí,  con cervera jugar jugar no sé  yo
javal"
@javieralbertom1,"Aug 16, 2023","Replying to 
@RealOviedo
El Oviedo ya estaba en primera división desde que contrataron a Cervera… y ahora todavía más
Javicaleyas"
@Javidiaz78,"Aug 16, 2023","Twitter Oviedo , el Santiago este de que juega? Tendrá sitio en el esquema de Cervera? Espero que se adapte pronto a la ciudad y al club. Cuando le enseñen el acceso al Requexon 🙊
Oviedo."
@AOviedoFN26,"Aug 16, 2023","Fuera coñas Cervera se va a tirar de los pelos cuando estén disponibles Seoane Camarasa y Zorla.





Danny L. Holgado"
@dannylholgado,"Aug 16, 2023","Bfff va a hacer lo que quiera en segunda división, será un lujo verlo en Cornellá. Ojito con el Oviedo de Cervera...
Quote
Mundo Segunda"
@MundoSegunda_,"Aug 16, 2023","✅💣 El Real Oviedo hace oficial el fichaje de 𝐒𝐀𝐍𝐓𝐈 𝐂𝐀𝐙𝐎𝐑𝐋𝐀.

El centrocampista llega cómo agente libre tras finalizar contrato con el Al-Sadd saudí.

El jugador vuelve al conjunto carabayón tras alrededor de 20 años y firma para la próxima temporada.
Show more
OviedoBold"
@OviedoBold,"Aug 16, 2023","Replying to 
@ViejoTartiere
No va a pasar lo mismo, Cervera va a acabar la temporada y la siguiente 😉
OviedoBold"
@OviedoBold,"Aug 16, 2023","Grande Cervera
Quote
solofichajes123"
@solofichajes123,"Aug 16, 2023","Informa @pedro_morata que la @rfef obliga al @Cadiz_CF a depositar 2,5 millones de euros que aún debe por el despido de su ex entrenador Álvaro Cervera y que puede afectarle en su límite salarial #LaLiga
Paco Olivares"
@Pakitoo_89,"Aug 16, 2023","Hay gente que debería medir sus comentarios, que hay que leer cada cosa por las redes sociales que mete miedo. Por ejemplo pa defender a Cervera o a Jimmy alguno anda diciendo q el q los critica no es del Oviedo y cosas así como q no puedes criticar a un jugador en la J1....
Diario Oviedista"
@DiariOVD,"Aug 16, 2023","Este Oviedo no parece el de Cervera       https://elcomercio.es/real-oviedo/oviedo-parece-cervera-20230816013904-nt.html#vca=fixed-btn&vso=rrss&vmc=tw&vli=real-oviedo vía 
@elcomerciodigit
elcomercio.es
Este Oviedo no parece el de Cervera | El Comercio: Diario de Asturias
El técnico azul fue muy crítico con el juego del equipo tras la derrota ante el Tenerife y lamentó la falta de intensidad de los suyos
toño"
@jovima18,"Aug 16, 2023","Replying to 
@juanin_oviedo
 
@miguelangel018
 and 
@RealOviedo
Lo k no es casualidad es k en todo el partido hayan tirado una vez a puerta ,eso es Cervera ocasión por partido ,el año pasado con menos de quedó a un punto del playoff y mi pregunta es ,son los puntos entrenadores ,o los putos jugadores joder no sé juega a nada y eso es el entr,
ChusoelputoAMO"
@CsarMorn183319,"Aug 16, 2023","Replying to 
@__Oviedista__
Sisi, ya verás el día que se vaya Cervera a otro equipo , Jimmy seguirá en el Oviedo.




Ramón Julio"
@Ramonjulio27,"Aug 16, 2023","Este Oviedo no parece el de Cervera       https://elcomercio.es/real-oviedo/oviedo-parece-cervera-20230816013904-nt.html#vca=fixed-btn&vso=rrss&vmc=tw&vli=real-oviedo vía 
@elcomerciodigit
From elcomercio.es
Javi Páez"
@Carsteinn,"Aug 15, 2023","La operación salida del 
@GranadaCF
 podría seguir tras Meseguer con la confirmación de Bodiguer al Oviedo de Cervera, siendo el francés muy del gusto del técnico por sus características; de ser OK podría cerrarse otro centroc nivel primera para los 🇦🇹 quedando ya completa esa zona
OviedoBold"
@OviedoBold,"Aug 15, 2023","Replying to 
@LockedGuismo
Ahi Cervera se equivoca claramente, una cosa es ser defensivos y otra decir eso
bustelo."
@alvarofdxz_,"Aug 15, 2023","Replying to 
@juanin_oviedo
Lo dijo el propio Cervera en rdp. Son dos jugadores similares que te hacen prácticamente la misma función, no se van a complementar bien
BASTONISMO"
@OVIEDO1926_,"Aug 15, 2023","Replying to 
@oviedo_o_muerte
 and 
@BodigerYann23
A mí me encaja bastante porque Cervera a Bodiger lo conoce del Cádiz, tiene 28 años (edad perfecta), consolidado en 2ª, no cobra una barbaridad, puede jugar en varias posiciones y el Granada no cuenta con él.
Xuan Cándano"
@XuanCandano,"Aug 15, 2023","El Oviedo llegó una vez a puerta en Tenerife y dio pena. Pero su entrenador diz que lo que y-esmolez ye que el rival creó peligro nun fao y un córner. Si Cervera, Bordalás y tantos otros saben de fútbol y los aficionaos críticos con ellos non, esti deporte ta en fuera xuegu.
BASTONISMO"
@OVIEDO1926_,"Aug 15, 2023","Replying to 
@elpanoyeru
 and 
@BodigerYann23
El problema es que yo con Cervera no le acabo de ver el sitio, porque de mediapunta le faltan bastantes cosas y por delante de la defensa igual😬
Harkonnen (cabrón carbayón)"
@harkonnen69,"Aug 15, 2023","Replying to 
@oviedo_o_muerte
Y dicen que a Cervera le gusta y lo defiende. Tiene unas ganas de perderlo de vista, que ni te cuento,  lo que pasa que posee 0 ofertas del exterior, igual que Mier.
Dani Baizan"
@DBaizan,"Aug 15, 2023","Cervera es el mayor trilero que pasó por Oviedo, sigue con el mismo discurso del año pasado, sigue sin sacar el máximo rendimiento a los jugadores que tiene, ayer fue un desastre, te quedan ni más de 9 jornadas que este año no vienes de salvador amigo.
Nadaporaquí"
@Fusinni,"Aug 15, 2023","Replying to 
@OviedistaK04227
 and 
@chrisoviedo88
Cervera no ha utilizado el doble pivote en Oviedo nunca, primero acompañó a  Luismi, Montoro, después Jimmy y ahora Camarasa (y ninguno de los 3 es un 5)…pero bueno que no nos vamos a poner de acuerdo, por cierto confundes un organizador con un box to box.



PitbulLife"
@CotoMatarikos,"Aug 15, 2023","Replying to 
@RealOviedo
Cada vez que recuerdo, cuando jugaba de guaje contra el real oviedo, que nos mareaba a pases y nos metían media docena...y ver el primer equipo sin identidad y al patadon, sin querér el balón... Pfff de verdad que no lo comprendo en pleno 2023. Cervera no te perdono lo de Borja.
Real Oviedo"
@RealOviedo,"Aug 15, 2023","🎙 Palabras de Álvaro Cervera tras el #TenerifeRealOviedo

#RealOviedo 🔵⚪️
From realoviedo.es
Nacho Azparren"
@NachoAzparren,"Aug 15, 2023","Tras la derrota de un mal Oviedo, Cervera, contrariado, explicó en caliente cuáles habían sido los males de sus pupilos:

-Errores con la pelota
-Inferior en el duelo

🔢 La estadística le da la razón al técnico, pero solo a medias ⬇️
manoloruizfernandez"
@manoloruizfer,"Aug 15, 2023","FRUSTRACIÓN, es el mayor sentimiento que tenemos pero es pronto para concluir, aunque ésto es lo que hay. Para jugar a lo que quiere Cervera necesitamos un físico que todavía nos falta y cuando lo tengamos aún nos costará. Mucha paciencia vamos a necesitar y HALA OVIEDO!!!
ElDesmarque Oviedo"
@DMQOviedo,"Aug 15, 2023","Cervera, preocupado por la lesión de Lucas en el Heliodoro: ""Tiene mala pinta"" https://eldesmarque.com/futbol/liga-2a-division/20230815/cervera-preocupado-por-la-lesion-de-lucas-en-el-heliodoro-tiene-mala-pinta_300061103.html
Jose"
@jmbustoa,"Aug 15, 2023","Replying to 
@SegundaSpanish
A well-organised and full of drive Tenerife deservedly defeated a hopeless and ineffective Real Oviedo. Most RO Twitter fans criticise Cervera’s usual stingy approach and the substitutions he made. 👎🏼
The good point: it’s just MD1! 👍🏼
Álvaro"
@alvaro__om,"Aug 15, 2023","Demasiadas conclusiones para un partido (que fue malísimo) en la j.1.
Se está disparando mucho al 9. Le llegó 1 balón (uno) y fue la única ocasión.
Sería interesante ver el tiempo q estuvo el Oviedo en campo contrario, así difícil Cervera...
Nadaporaquí"
@Fusinni,"Aug 15, 2023","Replying to 
@OviedistaK04227
 and 
@chrisoviedo88
Los 5 del Oviedo desde que debuta en el primer equipo son Folch, Luismi y Edgar puedes mirar cuantos partidos jugó de 5 y cuantos al lado del pivote. Si no quieres ir tan lejos mira desde la jornada 16 del año pasado hasta su lesión donde jugaba con Cervera..



Killer Asturias"
@killer_asturias,"Aug 15, 2023","🗣️ Álvaro Cervera: ""Hemos tenido muy poca fuerza en los duelos""

🤦🏻‍♂️ El técnico del Real Oviedo lamentó la falta de contundencia de los suyos en los balones divididos

https://killerasturias.com/noticias/alvaro-cervera-hemos-tenido-muy-poca-fuerza-en-los-duelos
Harkonnen (cabrón carbayón)"
@harkonnen69,"Aug 15, 2023","Replying to 
@oviedo_o_muerte
 and 
@matein_azul
El doble pivote hoy fue Camarasa/ Camarasa. Y Cervera diciendo que faltó poderío en medio campo. Me meo.
ElDesmarque Oviedo"
@DMQOviedo,"Aug 15, 2023","Cervera no esconde las carencias del Oviedo y se muestra autocrítico: ""Me equivoqué"" https://eldesmarque.com/futbol/liga-2a-division/20230815/cervera-no-esconde-las-carencias-del-oviedo-y-se-muestra-autocritico-me-equivoque_300060954.html
Míticu Oviedo"
@MiticuROviedo,"Aug 15, 2023","Ni ganando en Tenerife estaríamos ya en 1ª división ni por perder ya no tenemos ninguna posibilidad de subir. Hemos jugado mal pero de ahí a perder la esperanza y no confiar en Cervera y en el equipo va un trecho. Queda mucho. Yo creo que tenemos buen equipo y poca paciencia.
ElDesmarque Asturias"
@DMQAsturias,"Aug 15, 2023","Cervera no esconde las carencias del Oviedo y se muestra autocrítico: ""Me equivoqué"" https://eldesmarque.com/futbol/liga-2a-division/20230815/cervera-no-esconde-las-carencias-del-oviedo-y-se-muestra-autocritico-me-equivoque_300060954.html
Ahijadiño"
@BlueOviedo1926,"Aug 15, 2023","Soy de Cervera, pero estos comentarios, y otros parecidos, me parecen de plañidero. A ver si se deja de pijadas que el que decide cómo jugar es él. Calma, pero a trabajar y callar.
Quote
DeportesCOPEAsturias"
@DeportesCopeA,"Aug 14, 2023","🔵 Cervera: “Por las características que tiene el equipo, nos cuesta jugar con balón”

#TenerifeRealOviedo #DCA
Alfredo del Castillo"
@ALFREDODELCAST1,"Aug 15, 2023","Un Tenerife de disciplina militar ganó merecidamente al Oviedo de Alvaro Cervera, el segundo acto fue una castaña, pero tres castañas se quedaron en la isla del Teide, Corredera, Roberto López, muy destacados.
OviedoStreet"
@OviedoStreet,"Aug 15, 2023","Replying to 
@RealOviedo
Cervera , dilo ya !! , solo aspiramos a mantenernos y  esto ye lo que hay 🤷
Fer Cienfuegos"
@fercienfue,"Aug 14, 2023","Acabo d escuchar la rdp d #Cervera y puede ser posible q no haya ningún periodista d Oviedo en Tenerife? M pareció q todas las preguntas eran d gente d allí??
#VidaJoker🃏🍍"
@VidaDepor,"Aug 14, 2023","Replying to 
@conachismo
El partido fue malo, pero tienen jugadores muuuy top y de mucha calidad. Va a molar ver al Tenerife este año. Lo del Oviedo sí que fue insufrible (como la mayoría de partidos de Cervera)



Miguel Cuartas"
@miguel_cuartas,"Aug 14, 2023","1-0 | Cuánto le queda por mejorar al Oviedo de Cervera. Quedó claro que llegó verde al debut y salvo el buen remate de Bastón al larguero, poco más que reseñar arriba. Atrás, blanditos en el gol. No ayudaron tampoco las bajas. A currar, Oviedo!
ovisaron"
@carba1976,"Aug 14, 2023","Otro gran planteamiento de Cervera y otro gran partido del Oviedo. Un tiro a puerta en 90 minutos. Bravo!!!
Iván Barrera"
@IvanB_96,"Aug 14, 2023","EL TENERIFE DE GARITANO ILUSIONA

El 
@CDTOficial
 completó un partido muy serio para abrir la liga y doblegó por la mínima al Oviedo de Cervera. (1-0)

Buenas sensaciones, momentos de gran fútbol y un Heliodoro que empujó de lo lindo. Todo positivo.

Amo y Luismi Cruz, tremendos.
Sphera Tenerife 🏴󠁧󠁢󠁳󠁣󠁴󠁿 and Tiempo de Canarias
ElDesmarque Oviedo"
@DMQOviedo,"Aug 14, 2023","📢 ¡Se acabó el #TenerifeRealOviedo! (1-0)

😣 Los de Cervera caen en el estreno ante un Tenerife más eficaz al que le valió el gol de Enric Gallego.

Así lo hemos vivido 👇
eldesmarque.com
Tenerife - Oviedo: resumen, crónica y análisis del partido
Retransmisión online y en directo del encuentro de LaLiga Hypermotion de la jornada 1 entre el Tenerife y el Real Oviedo.
Juan Ardura"
@JuanArdura05,"Aug 14, 2023","El Tenerife jugó a lo que quiso ante un Oviedo desordenado,sin criterio con el balón y demasiado despistado en las áreas donde se deciden los partidos.Mucho que mejorar para los de Cervera,menos intensos que el rival.
Real Oviedo"
@RealOviedo,"Aug 14, 2023","75’ Nueva pausa de hidratación. No puede el equipo de Álvaro Cervera con el conjunto tinerfeño

#TenerifeRealOviedo 1-0
#VamosOviedo 🔵⚪
#DíadePartido
SER Deportivos Asturias"
@ASERDeportivos,"Aug 14, 2023","Doble cambio de Álvaro Cervera:

➡️ Entran Mario Hernández y Paulino por Dani Calvo y Hugo Rama.

TENERIFE 1-0 OVIEDO:

📻 1026 OM
📱 App de 
@La_SER

http://Radioasturias.com
Sergio"
@SergioAlonso,"Aug 14, 2023","Empiezo a pensar que la misión de Cervera en el Oviedo es descubrir en que posición es peor Hugo Rama. De portero es la única posición en la que no lo ha probado. Igual hay porterazo ahí y lo estamos desperdiciando...



Grada Oviedo"
@GradaOviedo,"Aug 14, 2023","Leo Román bajo palos y un centro del campo en el que Cervera acumulará jugadores para apretar en esa zona. Bastón como única referencia ofensiva como era previsible de inicio.
Quote
Grada Oviedo"
@GradaOviedo,"Aug 14, 2023","Dudas en la alineación del #RealOviedo en Tenerife. Leo Román partía con ventaja frente a Braat, pero las actuaciones del guardameta francés en pretemporada podrían haberle dado alguna opción de cara al debut liguero.
Spanish Segunda"
@SegundaSpanish,"Aug 14, 2023","Replying to 
@reheeled
 and 
@RealOviedo
Ah sorry, that’s because the Oviedo one was made by Tenerife so it’s on their feed 

Oviedo did a different one - theirs normally have some nice photos of the place they’re playing but nothing too creative design wise - but like Cervera’s teams 😉
Golazosdeltete Asociación Histórica"
@golazosdeltete,"Aug 14, 2023","02/12/2012

El Tenerife de Cervera empata en casa con el Oviedo de Sarriugarte.

Partido matinal de segunda b.

Goles de 
@SantanaSuso
 y de Diego Cervero
0:02 / 2:19
Oviedo siempre."
@OviedistaK04227,"Aug 14, 2023","Replying to 
@Fusinni
 and 
@chrisoviedo88
Cervera sabe mucho de fútbol, pero también hace gilipollleces como todos los entrenadores. De hecho, con B.Sánchez fue muy torpe al no saber aprovechar a un jugador así. Por otra parte, pidió un medio defensivo que no le trajeron, así que no creo que esté tan encantado con Jimmy.
Grada Oviedo"
@GradaOviedo,"Aug 14, 2023","🗣️Álvaro Cervera: ""La gente tiene las miras muy altas. Hay mucha ilusión y sólo se piensa en que el equipo va a estar arriba. Es la percepción que tengo. Hay mucho optimismo en la calle"". El #RealOviedo afronta esta noche su debut liguero en Tenerife.
José"
@cmjose2018,"Aug 14, 2023","El Tenerife-Oviedo de la temporada pasada se lo llevó Álvaro Cervera muy injustamente, pues el Tenerife dispuso de claras ocasiones para ganar el partido. No aprovechó ninguna, el Oviedo marcó en Popular de rebote y venció de casualidad (0-1).



Espacio Blanquiazul"
@FranTenerife1,"Aug 13, 2023","🏟️LUNES 20:30 EN EL TEMPLO 

CD TENERIFE 🆚 REAL OVIEDO

⏩ ARRANCA LA TEMPORADA, PARTIDO DIFICIL, VUELVE ALVARO CERVERA

✅ ¿COMO VAMOS A QUEDAR MAÑANA?
ElDesmarque Oviedo"
@DMQOviedo,"Aug 13, 2023","La convocatoria de Álvaro Cervera para el debut del Oviedo en el Heliodoro https://eldesmarque.com/futbol/real-oviedo/20230813/la-convocatoria-de-alvaro-cervera-para-el-debut-del-oviedo-en-el-heliodoro_300059691.html
Real Oviedo - Proud of You"
@RealOviedoPOY,"Aug 13, 2023","📋 Álvaro Cervera's 21-man squad for #TenerifeRealOviedo

#RealOviedo 🔵⚪
ElDesmarque Asturias"
@DMQAsturias,"Aug 13, 2023","La convocatoria de Álvaro Cervera para el debut del Oviedo en el Heliodoro https://eldesmarque.com/futbol/real-oviedo/20230813/la-convocatoria-de-alvaro-cervera-para-el-debut-del-oviedo-en-el-heliodoro_300059691.html
FútbolAsturiano.es"
@FutbolAstur,"Aug 13, 2023","El Oviedo busca un buen estreno en Tenerife.
- Cervera afronta el partido con cinco bajas.
https://futbolasturiano.es/noticias14/0082.htm
¬ROT 🔴⚪️🏴‍☠️"
@AntiROT,"Aug 13, 2023","Replying to 
@Ivandesvan
 
@edelvigio
 and 
@Lediakhov
Aquí no vale nunca nada, pero si encima hubiese venido Cervera… 🙈

Si hasta en Oviedo, que son más tolerantes, lo quisieron echar cuando tuvo esa mala racha.

Y las ruedas de prensa… es que me lo imagino y me dan escalofríos.
Pablo Fernández"
@pablofg_21,"Aug 13, 2023","Ninguna convocatoria del Real Oviedo para los partidos a domicilio superará los 21 jugadores (el máximo es 23). Decisión del club. 

Para Tenerife, eso sí, las lesiones y la situación de Seoane hacen que Cervera no tenga que descartar a nadie.
lavozdeasturias.es"
