Username,Date,Content
@FranLaviada,"Aug 28, 2023","Y leo hoy un titular de prensa que dice: ""El Oviedo confía en Cervera a pesar de los malos resultados de las primeras jornadas"". Y añado, es que no hacerlo, sería de auténticos ignorantes. Además, esto no puede ser noticia. ¿Ya empezamos a marear la perdiz? #RealOviedo #cabezazos
ElDesmarque Oviedo"
@DMQOviedo,"Aug 28, 2023","Confianza intacta en Cervera https://eldesmarque.com/futbol/real-oviedo/20230828/confianza-intacta-en-cervera_300073219.html
Diario Oviedista"
@DiariOVD,"Aug 28, 2023","El Oviedo mantiene su confianza en Cervera a pesar del mal inicio: ""Es nuestro hombre"" https://lne.es/real-oviedo/2023/08/28/oviedo-mantiene-confianza-cervera-pesar-91411520.html?utm_source=twitter&utm_medium=social&utm_campaign=btn-share vía 
@lanuevaespana
From lne.es
RadioRO"
@_RadioRO_,"Aug 28, 2023","NOTICIA.
El Real Oviedo mantiene su confianza en Cervera.

🗣️ Es nuestro hombre”.

Vía: 
@lanuevaespana
Oviedo siempre."
@OviedistaK04227,"Aug 28, 2023","Cuando sigamos tod@s poniendo a caldo a Cervera, recordad que en la aldea tienen a éste 😱


Nacho Azparren"
@NachoAzparren,"Aug 28, 2023","El Oviedo mantiene su confianza en Cervera a pesar del mal inicio: ""Es nuestro hombre"" https://lne.es/real-oviedo/2023/08/28/oviedo-mantiene-confianza-cervera-pesar-91411520.html?utm_source=twitter&utm_medium=social&utm_campaign=btn-share a través de 
@lanuevaespana
From lne.es
Filip"
@AvilaTablado,"Aug 28, 2023","Replying to 
@_ScreemFace_
Debería Oviedo apostar x el. Aquí Bolo también venía de ser cesado en Oviedo y esta gustando mucho. Queda muchísimo y Cervera será de los mejores. Paciencia
💛CÁDIZ 1910💛"
@CCF1910_,"Aug 27, 2023","Me comentan que Alvaro Cervera esta más fuera que dentro del Oviedo. Próximo partido es clave en la decisión de la directiva (aunque los problemas no vienen solo por los resultados)
Nogue"
@nogueiroj,"Aug 27, 2023","Yo no encuentro explicación ni al inicio ni al resto...

Cervera, tras otra derrota del Oviedo: “No encuentro explicación a lo del principio del partido” - La Nueva España https://lne.es/real-oviedo/2023/08/26/cervera-derrota-oviedo-encuentro-explicacion-91376531.html
Rodriguito de La Caleta"
@antonioarroyol,"Aug 27, 2023","Replying to 
@_ScreemFace_
Le escribí el otro día a otro aficionado del Oviedo. Los equipos de Cervera empiezan a despegar a mediados de septiembre-octubre. Tenedle paciencia. Jamás vais a ver futbol de salón pero vais a ver a vuestro equipo competir y ganar. Dadle tiempo. En cuanto encajen las piezas...
Oviedo_as_usual"
@Oviedo_as_usual,"Aug 27, 2023","A muerte con cervera 🕶️🕶️🕶️
Vadi Namar 49🔻"
@vadi_49,"Aug 27, 2023","Replying to 
@vadi_49
 and 
@_ScreemFace_
El Oviedo tiene que empezar a intentar dominar partidos con ese medio del campo, no puede pasarse las 42 jornadas siendo dominados por todos , porque hay jugadores que necesitan balón, sentirse protagonista, y no corriendo td el partido tras ellos, y yo no veo a cervera cambiando
Jose Luis"
@jlcureses,"Aug 27, 2023","Replying to 
@jonisual
Cervera ni esta sabiendo encontrar la tecla y haga funcionar al Oviedo que no ha competido bien en tres jornadas y raro porque mucha plantilla ya conoce los automatismos, algo pasa y Cervera debe dar un giro porque esta es su plantilla . Pero o espabila ..... tengamos paciencia
PuesYo"
@Gon84126200,"Aug 27, 2023","Replying to 
@rsmartinez1980
A ver… yo apoyo y quiero que gane el Oviedo siempre… y ojalá Cervera nos subiera… 
Pero, ni me gusta su fútbol ni sus formas…ni me gusta lo que genera en esta afición que igual que con Ziganda.. los culpables siempre son otros, jugadores y dueños pero nunca Ziganda ni Cervera



OviedoBold"
@OviedoBold,"Aug 27, 2023","Replying to 
@OviedistaK04227
Pero estos puristas de Cruyff y Guardiola luego les pasa lo mismo que a Cervera, cuando les paran el plan, no tienen una idea b. Por eso prefiero un Ruben Albes, o sobretodo a Jokanovic, gente ofensiva arriba, pero que no se ciñe solo a una idea.
DarthVaderROCF💙🇪🇸🔴⚫️🐺"
@NARANCO28,"Aug 27, 2023","Replying to 
@beligeranteazul
Ya ves que yo no dije en ningún momento que Cervera sea malo o bueno ,yo digo que no me gusta lo que plantea en el Oviedo y en el resto de sus equipos y por si hay alguna duda ,me la suda Bolo o el Cuco ...solo siento que Pacheta no tuviese un equipo competitivo en su día .
Oviedo siempre."
@OviedistaK04227,"Aug 27, 2023","Replying to 
@OviedoBold
Tácticamente le pega mil vueltas a Cervera, cada uno en su estilo. No tengo ninguna duda de que este tío va a dirigir equipos importantes. Basta ver jugar al Andorra. Cervera nunca va a llegar a eso.
OviedoBold"
@OviedoBold,"Aug 27, 2023","Vamos, Cervera en ofensivo, otro entrenador sin un Plan B.
Quote
Sentimiento Carbayón"
@futbolroviedo,"Aug 26, 2023","Yo lo tengo claro. Sé que es imposible pero sueño con verte aquí @edersa10. Necesito que implantes ese sistema cruyfista con Cazorla, seoane, colombato, camarasa...
🐺"
@reycarbayon,"Aug 27, 2023","Replying to 
@pedroallongo
También lo que para mi es innegociable es que salten al campo todos y se dejen la vida, cosa que por ahora no veo, bien lo dijo ayer Cervera en la rueda de prensa que no sabe qué hacer para que tengan más intensidad, y eso si q es un problema en esta categoría
🐺"
@reycarbayon,"Aug 27, 2023","Replying to 
@pedroallongo
Si, eso está claro, al final espero no arrepentirnos de empezar así… pero por lo demás confío en Cervera y en su proyecto, paciencia
OviedoBold"
@OviedoBold,"Aug 27, 2023","Replying to 
@LockedGuismo
 and 
@ViejoTartiere
El problema es que nunca ha cambiado su estilo en ningún equipo…siempre hay una primera vez para todo, pero Cervera es probablemente de lo más cabezon que hay en el fútbol español, y eso si sale bien es perfecto, pero si va mal…
Ahijadiño"
@BlueOviedo1926,"Aug 27, 2023","Cervera 💙.
Jose Luis"
@jlcureses,"Aug 27, 2023","Replying to 
@ColeccionistaR1
Hombre es claro que hay que dejar que el proyecto cuaje con una plantilla a medida de Cervera que no entiendo que muchos jugadores ya estaban la temporada pasada porque la imagen es triste, es claro que si en Noviembre no se ve otro Oviedo o estamo en cola Cervera será destituido


Fran"
@franin1994,"Aug 27, 2023","Replying to 
@Novoj1926
Nos cargaremos a Cervera y después pediremos proyecto, lo de siempre vaya. Dentro de los posibles entrenadores xra segunda y que pueda aspirar el Oviedo tenemos a uno de lo mejorcito.
Oviedo siempre."
@OviedistaK04227,"Aug 27, 2023","Replying to 
@genoa_91
A veces, confundimos todos la intensidad con un mal momento físico. Yo creo que es lo segundo. Están todos muy lentos, muy pesados, sin chispa. Y llegando a los balones un segundo más tarde que el otro es todo más difícil. La Pretemporada dura de Cervera puede ser la causa.
Chema Coto"
@ChemaCoto1969,"Aug 27, 2023","Replying to 
@oski_sainz
Hay entrenadores para  cada tipo de plantilla por su estilo de juego y estos fe la actual plantilla del Real Oviedo no es del gusto ni estilo de Cervera. Lo dejo claro ayer cuando acabo partido y dijo : “Alemao y Luismi mis ejemplos “
Oviedo Capital"
@OviedoCapital,"Aug 27, 2023","Y … ¿Qué vas a hacer para arreglarlo Cervera? 

CC 
@RealOviedo
Quote
🎣 Gelox! 💙"
@klabman3,"Aug 27, 2023","A mi esto me dejó con el culo torcido...
😮‍💨
0:03 / 0:31
LaMua45"
@lamua45,"Aug 27, 2023","Replying to 
@Realoviedista10
 and 
@RealOviedo
A ver amigo; Cervera tiene 2años de contrato con el Oviedo, no? Pues bien; si cesan a este hombre lo que le tienen que indemnizar más otro entrenador más lo que se gasto en fichajes…. Suma y verás lo que pasa. Son 3partidos, malos ,mal si, pero no es hechas a Cervera ahora.
oviedon"
@eldieguny,"Aug 27, 2023","Replying to 
@tarangu_campeon
Que los jugadores salgan andando no es culpa del mister, y menos de este mister en concreto, el problema del Oviedo es falta de intensidad y dejadez, los puntos fuertes del mister, yo estoy con Cervera
Santi Villa"
@soyunsanti,"Aug 27, 2023","La sobrerreacción en el Oviedo (imagino que en cualquier equipo) es algo que me fascina.
Todos los entrenadores son, en algún momento, el mejor fichaje. La afición se entrega, nos convertimos en soldados de Cervera, Anquela, Ziganda…
Hasta que, en un minuto, son lo peor.
Tarangu."
@tarangu_campeon,"Aug 27, 2023","Sería un grandísimo error cesar a Cervera ahora ( 3 partidos🤦‍♂️).  Sería uno más en la amplia historia oviedista. Y , entre otras cosas , así nos va.
 ¡¡¡ HALA OVIEDO !!!.
Crisalpe"
@crisalpefc,"Aug 27, 2023","Replying to 
@Piero_Oviedo
 and 
@RealOviedo
No, eso no. Hay que confiar en Cervera como entrenador



🅱alón de Ⓜeяcromina"
@BalonMercromina,"Aug 27, 2023","Replying to 
@Ral23671788
 and 
@17Etxeberria
Calero en octubre estará entrenando pero no creo que el Real Oviedo destituya a Cervera tan pronto.
SiempreK"
@siemprecarbayon,"Aug 27, 2023","me la pela cervera, yo quiero a beatriz en el banquillo del real oviedo
OVIEDISMO"
@Realoviedo3,"Aug 27, 2023","Al Real oviedo que le den por culo , con Cervera hasta el final 😂🤦🏼‍♂️ https://t.co/xCk1KhxGxL
This post is unavailable.
Harkonnen (cabrón carbayón)"
@harkonnen69,"Aug 27, 2023","Resumiendo:
1. El juego de Cervera da perceguera.
2. Si con el Oviedo vas de excursión, no te hagas ninguna ilusión.
3. No habrá día sin un mediocre, que justifique el fútbol pobre.
4. Si ya te sacaron tarjeta, no te sueltes y el culo aprieta
5. Cesen al triste, es un quiste.
Pelayo 💯🇨🇲"
@PelayoCAO,"Aug 27, 2023","Replying to 
@alvarojoseenriq
 and 
@adrianlr21
Algo parecido a lo que está pasando en Oviedo con Cervera. Tienen mucho miedo a que los piten.
Carbayón_since1984"
@MiguelR18772832,"Aug 26, 2023","Replying to 
@RaulRoso
 and 
@RealOviedo
Veo q estás un poco perdido. El Oviedo de Cervera tuvo números de playoff desde que llegó el año pasado. 😘
Andrés"
@Dresso_RO_1926,"Aug 26, 2023","Que pereza me da este Oviedo. Y ahora vas a Levante que seguramente pierdas. Y luego el derby. Y si pierdes? Cervera 2025 que? Esto es complicado... toy mamao y reflexivo.
Vetusta"
@DeOviedoalCielo,"Aug 26, 2023","Porra para el sábado que viene:
Levante 4 - R.Oviedo 0
Cervera a la puta calle
😑
OVIEDISMO"
@Realoviedo3,"Aug 26, 2023","Replying to 
@Realoviedo3
 and 
@harkonnen69
Este Cervera o mi tía de pola siero , no tengo nada en contra de él pero si de su fútbol , y no se tú pero os empeñais en defender a un tío por delante del equipo y no se porque . A mi me la suda como se llame o quien entrene solo quiero lo mejor para el Oviedo .


Rulo"
@RaulRoso,"Aug 26, 2023","Replying to 
@MiguelR18772832
 and 
@RealOviedo
No serán más de risa que el juego del Oviedo con Cervera
OviedoBold"
@OviedoBold,"Aug 26, 2023","Replying to 
@sotrondin
 and 
@brununchelo
Pues si Cervera no lo pone se le echa todo la ciudad encima.
Rulo"
@RaulRoso,"Aug 26, 2023","Replying to 
@RealOviedo
Teníais un buen entrenador (Bolo) y os lo cargasteis a los 4 partidos....seguid con Cervera y la mediocridad seguirá instalada en el Oviedo
Nicolás en azul y blanco"
@nicolas_astur,"Aug 26, 2023","Lo que quiere Cervera, el Almirante para el Real Oviedo
Quote
Out Of Context Football"
@nocontextfooty,"Aug 26, 2023",Oviedo.
@AOviedoFN26,"Aug 26, 2023","Replying to 
@dani_lo_ga
Hazlo pro cn Cervera
Oviedo Capital"
@OviedoCapital,"Aug 26, 2023","Cervera se quiere bajar del barco
Quote
Oviedismo"
@oviedismo,"Aug 26, 2023","Cervera: ""Parece que sí está siendo complicado convencer al equipo de que ponga la intensidad suficiente""

#RealOviedo
EL COMERCIO"
@elcomerciodigit,"Aug 26, 2023","🔵 Real Oviedo | Cervera: «No esperaba un comienzo tan lento, el culpable seré yo»
elcomercio.es
Cervera: «No esperaba un comienzo tan lento, el culpable seré yo» | El Comercio: Diario de Asturias
El entrenador vuelve a incidir en los errores que comete el equipo en lo que él llama «intangibles» y que están lastrando el arranque liguero
Fran"
@franin1994,"Aug 26, 2023","Replying to 
@clintolu
Pero tú viendo los equipos de Cervera, el Cádiz lo más reciente y nuestro Oviedo dl año pasado. Crees que no entrena eso? Q me digas q no entrena el dar 155 pases xra llegar a línea de fondo y meter gol te lo compro. Pero ese juego de 2 jugada y ser vertical tras robo
Sergio"
@SergioAlonso,"Aug 26, 2023","El dato clave es que los que aún defendeis a Cervera no podeis decir una sóla cosa buena que haya aportado al Oviedo. No, ganar a equipos de 1ª RFEF no es válido.


Fran"
@franin1994,"Aug 26, 2023","Replying to 
@clintolu
Hombre que un tío no meta la pierna o no muerda cuando pierde balón. Tu veías a los del burgos como presionaban tras perdida.. Los del Oviedo nada y eso va en la actitud del jugador creo yo. No me parece a mí q Cervera les diga que suavecito
jose luis"
@oviedin1,"Aug 26, 2023","Replying to 
@jonisual
Vamos a ver hay cosas q no entiendo esa crítica hacia el míster td@s sabemos cómo juega el oviedo no engaña a nadie lo vimos la temporada pasada y la mayoría queríamos q se le renovará y ahora parece q a muchos ya no les vale menos críticar a cervera y más a los jugadores
Joaquín Ormazábal 🏳️‍🌈"
@JormazabalF,"Aug 26, 2023","Replying to 
@RImperatrix
No me parece mala idea. El tema es dónde. Podría ser Oviedo o Viana, o varias más. Pero si primásemos la antigüedad de los títulos de la heredera, Gerona o Cervera -1351-, debieran ser las elegidas. A mi me parecería un lugar espectacular Santa María de Poblet por Montblanc. La
Show more
angel gonzalez"
@agondiz,"Aug 26, 2023","Replying to 
@pablofg_21
Creo que estas demás en el R.Oviedo. Sr. Cervera
Oviedo siempre."
@OviedistaK04227,"Aug 26, 2023","Replying to 
@MiguelFernandi
El equipo está muy flojo físicamente. Muy pesado y muy lento. Los contrarios parece que vuelan al lado nuestro. Menos mal que la Pretemporada no la hizo Cervera y por eso no sabe porque están así 🤦🤦🤦
Oviedo Capital"
@OviedoCapital,"Aug 26, 2023","Del 1 al 10 ¿Cómo calificas la gestión de Cervera en lo que va de liga con el 
@RealOviedo
 ?
ElDesmarque Asturias"
@DMQAsturias,"Aug 26, 2023","A Cervera le preocupa que el Oviedo esté en descenso: ""Nadie esperaba este comienzo""
eldesmarque.com
A Cervera le preocupa que el Oviedo esté en descenso: ""Nadie esperaba este comienzo""
El técnico del Real Oviedo mostró su preocupación en rueda de prensa porque nadie en el club ""esperaba este comienzo"".
candi"
@candasfelix,"Aug 26, 2023","Replying to 
@RealOviedo
De todas formas este r.oviedo tiene que dar mas de si quiza cervera tiene al equipo demasiado encorsetado y le falta mas verticalidad
ElDesmarque Oviedo"
@DMQOviedo,"Aug 26, 2023","A Cervera le preocupa que el Oviedo esté en descenso: ""Nadie esperaba este comienzo""



Mateín Azul 💙"
@matein_azul,"Aug 26, 2023","Cuando metes en la misma cocktelera al peor árbitro de 2a y a este Oviedo, sale una amarga bebida que deja una resaca de cojones.

DESTILERÍAS CERVERA.
Hala Oviedo"
@Futbol_Vida12,"Aug 26, 2023","Replying to 
@_RadioRO_
Esperar al derbi y si perdemos cervera fuera alemao titular igual que paulino
MMP"
@MMPROviedo,"Aug 26, 2023","Cada día estoy más convencida que Cervera no entiende nada
Quote
Real Oviedo"
@RealOviedo,"Aug 26, 2023","⏹️ Final en El Plantío 

#BurgosRealOviedo 1-0
#VamosOviedo 🔵⚪
#DíadePartido
Pablo Fernández"
@pablofg_21,"Aug 26, 2023","Tercera jornada consecutiva en la que Dani Calvo es sustituido. En sus 74 titularidades anteriores con la camiseta del Real Oviedo, el central solo fue cambiado en una ocasión. 

«El cambio de hoy fue por la tarjeta», acaba de decir Cervera.
Oviedo siempre."
@OviedistaK04227,"Aug 26, 2023","Replying to 
@taranielloazul
Es un recital de todo el mundo sobre Cervera.
Juan(Tristeza mode)🟦⬜"
@ChusinSecso,"Aug 26, 2023","Les recomiendo a la gente del Oviedo tener un poco de mente fría, quiero recordar que hubo un momento el año pasado en el que no ganábamos a nadie y Cervera lo remonto e incluso con el Cadiz Cervera tuvo un racha de como 10 partido sin ganar, calma y dejemos trabajar
Oviedo."
@AOviedoFN26,"Aug 26, 2023","Cervera en RDP dejando claro q no hay buena relación.
Dani Baizan"
@DBaizan,"Aug 26, 2023","Tengo ganas de que cervera haga toda la pretemporada decían los que te dan el carnet del Oviedo, 1 de 9.
ALGA"
@DireccionNgel,"Aug 26, 2023","Nuevo planteamiento lamentable del mister dejar jugar al rival el oviedo no quiere la pelota no sé cuándo van a tomar la decisión de largar a Cervera


Oviedo siempre."
@OviedistaK04227,"Aug 26, 2023","Partido desastroso de todos, empezando por Cervera. Leo Román, Costas, Luismi, Alemao y Paulino, lo único salvable. Ahora el Levante 😱
ovisaron"
@carba1976,"Aug 26, 2023","Cervera no debe seguir un minuto más en el real oviedo.
Jesús Gallo"
@gsus_77,"Aug 26, 2023","Mal inicio del Real Oviedo en LaLiga Hypermotion. 1 punto de 9. El plan de Cervera no funciona (de momento).
La Página del Oviedin"
@lapaginaoviedin,"Aug 26, 2023","🤬Final. El Oviedo de Cervera desespera. Un punto de 9 y lo que es peor, nada de nada sobre el césped. Hoy otro bodrio total de un equipo que aburre a las piedras; el mensaje de ""jugar mal pero puntuar"" se diluye. Es un horror absoluto.
⚽️BURGOS 1 (Fer Niño 14´) Real Oviedo 0.
Borderline"
@Borderline_lvd,"Aug 26, 2023","Álvaro Cervera el sábado en el Ciutat con el Oviedo viniendo con un punto de nueve:
0:05 / 0:30
🌍PIPIOVI OFICIAL⚽"
@PIPIOVI,"Aug 26, 2023","CERVERA CUALQUIER EQUIPO NOS GANA,LARGATE NO LO VES.
TU SISTEMA NOS VALIO PARA SALVARNOS.
PERO SOMOS EL OVIEDO Y ASPIRSMOS MAS.
LÁRGATE
RealOviedoTime (🐺)"
@RealOviedoTime,"Aug 26, 2023","Replying to 
@jonisual
 and 
@kuonderman
Hoy puso a seoane y Camarasa, los supuestamente diferenciales, y uno se autoexpulsa y el otro no da un pase a un compañero. Supongo que poco tendrá que ver Cervera en eso.
🌍PIPIOVI OFICIAL⚽"
@PIPIOVI,"Aug 26, 2023","CERVERA SI ERES PERSONA HOY NO VUELVAS A OVIEDO.
Leña"
@kuonderman,"Aug 26, 2023","Replying to 
@jonisual
a ver, ho, que lo que estoy viendo no es culpa de Cervera. Despejar directamente al Burgos y cosas así. Eso ya es típico del Oviedo.

Ya me dirás a quién pones.


Oviedo."
@AOviedoFN26,"Aug 26, 2023","Replying to 
@marisRO4
De momento sigo en el barco de Cervera.
Oviedo Capital"
@OviedoCapital,"Aug 26, 2023","Oye Cervera … ¿Tú quieres seguir en el 
@RealOviedo
 ?
Oviedo."
@AOviedoFN26,"Aug 26, 2023","Replying to 
@thotrrente
Entonces Cervera tampoco valdrá?
OviedoBold"
@OviedoBold,"Aug 26, 2023","Replying to 
@PierroCornudo2
No es mucho mas creativo que Cervera…Joka es lo único potable libre para este equipo
JD"
@KeepitrealOVD,"Aug 26, 2023","El Oviedo es exactamente lo que Cervera no quería que fuera su equipo. Irreconocible.
Alejandro Zuazua"
@alexzuazuag,"Aug 26, 2023","Viti no puede ser nuestra mayor baza en ataque. La tiene clarísima y la tira al muñeco. El fútbol son sensaciones y este año Cervera y el Oviedo no concuerdan.
Marcos Vaz"
@marcossotro,"Aug 26, 2023","Mala primera mitad del Real Oviedo en la que durante muchos minutos el Burgos fue amo y señor de la pelota.

En los minutos finales los de Cervera intentaron tener un poco más de presencia en área rival pero sin mayor éxito.

Lo mejor hasta ahora el resultado.
Xuan Fernández"
@xuan_fernandez,"Aug 26, 2023","El Oviedo no gana un duelo y es incapaz de buscar huecos en ataque. Me imagino el cabreo de Cervera con los jugadores. Se salva Alemão y poco más.
Oviedo siempre."
@OviedistaK04227,"Aug 26, 2023","Replying to 
@LlaneroLlaneza
 
@GueinJon
 and 2 others
Lo que no hace es despejar como un alevín, correr como un bobo dejando libre su zona y luego hacer un penalti porque es más lento despejando que la güela de Cervera 😏


Rogermarxismo ☭"
@Rogermartismo,"Aug 26, 2023","Bona baixa pel Oviedo. Esperava més de Cervera.
𝕭𝖊𝖑𝖑𝖎𝖉𝖔 ᶜᵈˡ₁₉₂₈"
@BelliCDL,"Aug 26, 2023","cada día tengo más claro que Bolo es un buen mister y que en Oviedo no le dejaron el suficiente tiempo para desarrollar. Y como se complique la cosa con Cervera me da que harán lo mismo.
Juan Ardura"
@JuanArdura05,"Aug 26, 2023","Nunca vi un equipo peor posicionado ante el balón parado que el Oviedo de esta temporada. Tal parece que no se trabaja nada bien algo que pasa en todos los partidos muchas veces. Y así le va al equipo de Cervera
JOSIN ALCANTARA"
@josinalcantara7,"Aug 26, 2023","Yo si no se gana hay que echar a Cervera  no puede estar el Oviedo con  1 punto jugando tan mal con esta plantilla y ir a levante puedes llegar al derbi en descenso y con sensaciones muy malas … 😡😡😡
Vetusta"
@DeOviedoalCielo,"Aug 26, 2023","Cervera hasta el minito 30, el Oviedo es una BAN-DA.
Grada Oviedo"
@GradaOviedo,"Aug 26, 2023","La apuesta de Cervera en El Plantío con Camarasa y Seoane en la parte creativa, Moyano y Viti en las alas, y Alemão arañando los balones que caigan cerca del área. Indudable la vuelta de Luismi por delante de la defensa.
ElDesmarque Oviedo"
@DMQOviedo,"Aug 26, 2023","¡Onces confirmados en el #BurgosCFRealOviedo!

Cervera introduce cambios para tratar de lograr la primera victoria de la temporada frente a Jon Pérez Bolo.

¡Síguelo con nosotros AQUÍ!
eldesmarque.com
Burgos - Real Oviedo: resumen, goles y análisis
Resumen, en vídeo, del partido correspondiente a la jornada 3 de LALIGA Hypermotion entre el Burgos CF y el Real Oviedo.
OviedoBold"
@OviedoBold,"Aug 26, 2023","MUY BIEN CERVERA!!!! VALIENTE, ASI SÍ!
Berti"
@bertijunquera,"Aug 26, 2023","Hoy el partido es a las 17h, a ver a que hora decidimos empezar a jugarlo. Hay que ganar sí o sí, hay equipo para mucho más, diga Cervera so o arre.

¡Vamos con todo! !Hala Oviedo, siempre! 💙


PLINIO AL 15, EL VIP DE TARANIELLO."
@taranielloazul,"Aug 26, 2023","Cervera busca el cambio ante un viejo conocido del Oviedo: ""Algo no cuadra"" - La Nueva España https://lne.es/real-oviedo/2023/08/26/cervera-busca-cambio-viejo-conocido-91351253.html
FútbolAsturiano.es"
@FutbolAstur,"Aug 26, 2023","Seoane entra en la lista y Cervera deja fuera a los descartes.
Previa: Burgos C.F. - Real Oviedo.
https://futbolasturiano.es/noticias14/0134.htm
Diario Oviedista"
@DiariOVD,"Aug 26, 2023","Cervera busca el cambio ante un viejo conocido del Oviedo: ""Algo no cuadra"" https://lne.es/real-oviedo/2023/08/26/cervera-busca-cambio-viejo-conocido-91351253.html?utm_source=twitter&utm_medium=social&utm_campaign=btn-share vía 
@lanuevaespana
Pepe Palicio"
@PepePalicio,"Aug 25, 2023","Replying to 
@DiariOVD
 
@RTPAOficial
 and 
@RealOviedo
Lógico no es jugador para el Oviedo muy flojin  solo juega en horizontal y para atrás pero claro es como ve el fútbol Cervera.
Ahijadiño"
@BlueOviedo1926,"Aug 25, 2023","Replying to 
@RealOviedo
Cervera sonriendo. Nos vamos a divertir.
Antoan"
@antoanMorales,"Aug 25, 2023","Cuanto creéis que le queda a Cervera en el R.Oviedo?
DeportesCOPEAsturias"
@DeportesCopeA,"Aug 25, 2023","📼 El podcast de #DCA 

🔴 Declaraciones de Ramírez
🇦🇷 Izquierdoz se queda
🟢 
@pepe_torrente
 desde Ferrol
🎤 
@DaniiSouto
 
@Jorge_avs4
 
🔵 Las palabras de Álvaro Cervera
🤷‍♂️ La situación de Javi Mier
👋 Colombatto en Oviedo
cope.es



SER Deportivos Asturias"
@ASERDeportivos,"Aug 25, 2023","📻 | SDA (25/08/2023):

https://cadenaser.com/audio/cadenaser_oviedo_serdeportivosasturias_20230825_152000_160000/

🔁 Colombatto en Oviedo y Rama a punto de salir.
🗣 Escucha a Cervera, Cazorla y Peláez.
⚽️ Previa con 
@MGago11
, 
@CaliGlezL
 y Jorge Monje.
🏆 Copa RFEF.
🏎️ F1 con 
@carbaplayu
.
🎾 Edición 88 del Trofeo Real Club de Tenis de Oviedo.
cadenaser.com
SER Deportivos Asturias, 15:20 - 25/08/2023 | Radio Asturias | Cadena SER
SER Deportivos Asturias
ElDesmarque Oviedo"
@DMQOviedo,"Aug 25, 2023","Cervera y lo que le falta al Oviedo: ""No tenemos lo que a mí me gusta"" https://eldesmarque.com/futbol/real-oviedo/20230825/cervera-y-lo-que-le-falta-al-oviedo-no-tenemos-lo-que-a-mi-me-gusta_300070463.html
ElDesmarque Oviedo"
@DMQOviedo,"Aug 25, 2023","Cervera espera a Colombatto: ""Nos hace falta, tiene características que no teníamos"" https://eldesmarque.com/futbol/real-oviedo/20230825/cervera-espera-a-colombatto-nos-hace-falta-tiene-caracteristicas-que-no-teniamos_300070422.html
ElDesmarque Asturias"
@DMQAsturias,"Aug 25, 2023","Cervera y lo que le falta al Oviedo: ""No tenemos lo que a mí me gusta"" https://eldesmarque.com/futbol/real-oviedo/20230825/cervera-y-lo-que-le-falta-al-oviedo-no-tenemos-lo-que-a-mi-me-gusta_300070463.html
SER Deportivos Asturias"
@ASERDeportivos,"Aug 25, 2023","#SERDeportivosAsturias | ¡Empezamos!

🗣 Escuchamos a Cervera, Cazorla y Peláez
⚽️Previa con 
@MGago11
, 
@CaliGlezL
 y Jorge Monje
🏆 Copa RFEF
🏎️ F1 con 
@carbaplayu

🎾 Edición 88 del Trofeo Real Club de Tenis de Oviedo

💻 http://Radioasturias.com
📲 App 
@La_SER

📻 100.9 FM
Show more
El eslovaco"
@oviedo_o_muerte,"Aug 25, 2023","Q mediocre es cervera. Vale más largarlo cuanto antes
FútbolAsturiano.es"
@FutbolAstur,"Aug 25, 2023","Seoane entra en la lista y Cervera deja fuera a los descartes.
Previa: Burgos C.F. - Real Oviedo.
https://futbolasturiano.es/noticias14/0134.htm
La Voz de Asturias"
@lavozdeasturias,"Aug 25, 2023","Cervera, entrenador del Real Oviedo: «Colombatto es un gran jugador y ojalá nos pueda echar una mano, nos hace falta»


Radio MARCA Asturias"
@RMarcaAsturias,"Aug 25, 2023","🔵 Última hora del Real Oviedo

🫡 Álvaro Cervera cita a 19 futbolistas para Burgos, Seoane incluído

🗣️ El técnico guineano habla sobre el mercado

🔊 Escuchamos los mejores sonidos de la presentación de Santi Cazorla

#DirectoMarcaAsturias
La Nueva España"
@lanuevaespana,"Aug 25, 2023","¿La actual plantilla del Oviedo es mejor que la del año pasado? Cervera responde https://lne.es/real-oviedo/2023/08/25/cervera-analisis-plantilla-seoane-colombatto-91330077.html?utm_source=twitter&utm_medium=social&utm_campaign=btn-share
Real Oviedo - Proud of You"
@RealOviedoPOY,"Aug 25, 2023","📋 Álvaro Cervera's 19-man matchday squad for #BurgosRealOviedo ⚽️

#RealOviedo 
#ProudOfYou 🔵⚪️
Real Oviedo"
@RealOviedo,"Aug 25, 2023","📋 19 convocados por Álvaro Cervera para el #BurgosRealOviedo ⚽️

➡️ https://realoviedo.es/noticias/ultimo-entrenamiento-y-convocatoria-burgos-sabado

#RealOviedo 🔵⚪️"
