Username,Date,Content
@reycarbayon,"Sep 21, 2023","Replying to 
@ElRequexon
Algo diferente… mola, veremos… lo q no pueden es dar la noticia a la prensa de q Estan hablando con otros estando Cervera…
Oviedo💙🐺💙"
@JavierCaboGonza,"Sep 20, 2023","Replying to 
@GxldeBretones
Creo,que a día de hoy,cualquier opción mejora a Cervera...está muy superaro y no le veo capaz de reaccionar
🐺"
@reycarbayon,"Sep 20, 2023","Replying to 
@ElRequexon
Por lo q leí por ahí depende todo de si mañana Cervera sale al entrenamiento o no, sinceramente traer a ese hombre me transmite 0 confianza y aunque haya pasado todo esto me da mucha pena q el proyecto de Cervera se acabe así
Juan Velázquez"
@juanvelazquezfd,"Sep 20, 2023","Acuerdo verbal entre el Oviedo y Carrión.
El objetivo es que Cervera no sea el entrenador este próximo domingo ante el Valladolid, y Carrión dirija el entrenamiento del viernes.
El Oviedo trabaja a contrarreloj en cerrar la salida de Cervera.
⚠️AÚN NO HAY NADA FIRMADO⚠️
BenAstur"
@BenAstur,"Sep 20, 2023","Replying to 
@VaroOvd
El Real Oviedo,habiendo renovado a Cervera para un proyecto a medio-largo plazo,no puede despedirlo a las primeras de cambio,el club debe tener paciencia y huir de los alarmismos.Ser un club señor y serio.
Dicho esto,el club debe de tener siempre un plan B,C,D x obligación.
ElDesmarque Oviedo"
@DMQOviedo,"Sep 20, 2023","El Oviedo busca al sustituto de Cervera y se reúne con Luis Carrión https://eldesmarque.com/futbol/real-oviedo/20230920/el-oviedo-busca-al-sustituto-de-cervera-y-se-reune-con-luis-carrion_300097952.html
ElDesmarque Asturias"
@DMQAsturias,"Sep 20, 2023","El Oviedo busca al sustituto de Cervera y se reúne con Luis Carrión https://eldesmarque.com/futbol/real-oviedo/20230920/el-oviedo-busca-al-sustituto-de-cervera-y-se-reune-con-luis-carrion_300097952.html
Sportcartagena"
@sportcartagena,"Sep 20, 2023","Luis Carrión se postula como uno de los favoritos para sustituir a Cervera en el banquillo del Real Oviedo http://dlvr.it/SwPWy6
Chema Coto"
@ChemaCoto1969,"Sep 20, 2023","Calero, entrenador del Real Oviedo tras cese de Álvaro Cervera


cesar e"
@cesare541031,"Sep 20, 2023","Replying to 
@MiguelFernandi
 
@RealOviedo
 and 2 others
Postura inaceptable del Oviedo estando Cervera
Javier Spartan"
@Ustrinum,"Sep 20, 2023","Replying to 
@TlanImasss
Lo pilla el Oviedo de Cervera y le caen 3
Gerar"
@gerardiaz75,"Sep 20, 2023","Llevo 47 años sin pasar pol altar, 38  años de sociu del 
@RealOviedo
 , 2  meses con la moza y un añu viendo a Cervera de mister  , a día de hoy  ye más probable qe yo cambie de estao civil qe el Oviedo de mister....
OviedoBold"
@OviedoBold,"Sep 20, 2023","Replying to 
@jsilvinor
 and 
@Nachenko69
Y Cervera lo tuvieron que largar del Tenerife porque los bajaba…hay que decirlo todo
Killer Asturias"
@killer_asturias,"Sep 20, 2023","👀 De la contención de Cervera al fútbol asocitativo de Carrión

🤔 El Real Oviedo piensa en un entrenador cuyo estilo de juego difiere mucho del actual

https://killerasturias.com/noticias/de-la-contencion-de-cervera-al-futbol-asocitativo-de-carrion
Grada Oviedo"
@GradaOviedo,"Sep 20, 2023","Es evidente, porque así lo manifestó, que la propiedad es del gusto de un juego ""alegre"". El ejercicio de supervivencia con méritos y el crecimiento del equipo obligó a confiar en Cervera. Lógica pura. Ahora querrán retomar su idea donde quisieron ponerla de inicio.
Nico Cuervo"
@nicuervo,"Sep 20, 2023","Pachuca como grupo salió muy reforzado de su primera crisis en el Oviedo con Bolo. Claridad, sin miedo a tomar decisiones, y apostando fuerte.

De la crisis con Cervera, todo lo contrario, van a salir con la reputación por los suelos. Muy poco profesional todo.
ElDesmarque Oviedo"
@DMQOviedo,"Sep 20, 2023","Santi Cazorla ya es uno más con el Oviedo: primera sesión con Cervera en entredicho
eldesmarque.com
Santi Cazorla ya es uno más con el Oviedo: primera sesión con Cervera en entredicho
Santi Cazorla entrena por primera vez en El Requexón bajo las órdenes de Cervera para continuar con su puesta a punto.
ElDesmarque Asturias"
@DMQAsturias,"Sep 20, 2023","Santi Cazorla ya es uno más con el Oviedo: primera sesión con Cervera en entredicho


JOSE MANUEL GARCIA ALVAREZ"
@JOSEMAN86866232,"Sep 20, 2023","Replying to 
@ROCF1026
Tristeza ya me vale con el fútbol de Cervera.....yo veo por la televisión al resto de los equipos Eldense, Racing de Ferrol, Alcorcón hablo de equipos recién ascendidos y todo juegan al fútbol mejor que el Oviedo
PLINIO AL 15, EL VIP DE TARANIELLO."
@taranielloazul,"Sep 20, 2023","Entonces, que siga Cervera.

El Oviedo se reúne con Luis Carrión para suceder a Cervera - La Nueva España
lne.es
El Oviedo se reúne con Luis Carrión para suceder a Cervera
El extécnico del Cartagena es el principal candidato para relevar al cántabro en el banquillo del Oviedo
oviedista"
@__Oviedista__,"Sep 20, 2023","Replying to 
@alvaroviedo1926
Cervera por encima del Oviedo, cojonudo
Uncarbayónche"
@uncarbayonche,"Sep 20, 2023","Replying to 
@MiguelFernandi
Mientras Cervera sea entrenador del Real Oviedo, a muerte con Cervera. El domingo ganamos 100%.
Míticu Oviedo"
@MiticuROviedo,"Sep 20, 2023","Replying to 
@naciogf
A Cervera. Fai un añu y tamién güei.
Nacho"
@user_nacho,"Sep 20, 2023","Cuando el Oviedo ganaba no había grandes quejas sobre el estilo de juego

El estilo d Cervera era tan insoportable entonces como ahora, con la diferencia de q ahora perdemos

Y si fuéramos un vendaval ofensivo y perdiéramos, tb habría quejas

Es muy fácil: el resultado lo es TODO
Futbolinmania"
@FutbolinmaniaTC,"Sep 20, 2023","Si lo que se lee es verdad, es lamentable lo que está haciendo el Oviedo. Si no confías en Cervera, échalo y luego te entrevistas hasta con David Vidal, pero tener a Cervera entrenando y hablando con otros, es muy feo y un pésimo mensaje al vestuario. Esto es un puto bucle...
Manu Gutiérrez"
@ManuGutierrez7,"Sep 20, 2023","Reuniones que se hacen 'públicas' con otros entrenadores aún teniendo entrenador con contrato en vigor dirigiendo la sesión. 

La imagen del Real Oviedo está quedando bastante dañada con acciones como ésta, con la que se le falta el respeto a Álvaro Cervera. Hay otras formas.


Mundo Segunda"
@MundoSegunda_,"Sep 20, 2023","🚨💣Roberto Suárez se reunirá con 𝐋𝐔𝐈𝐒 𝐂𝐀𝐑𝐑𝐈𝐎𝐍 esta semana.

El director deportivo del Real Oviedo tendrá reuniones con más entrenadores.

A estas horas, el futuro de Álvaro Cervera podría estar fuera del conjunto asturiano.

Vía 
@lavozdeasturias
Diario Oviedista"
@DiariOVD,"Sep 20, 2023","El Oviedo se reúne con Luis Carrión para suceder a Cervera https://lne.es/real-oviedo/2023/09/20/oviedo-reune-luis-carrion-suceder-92335872.html?utm_source=twitter&utm_medium=social&utm_campaign=btn-share vía 
@lanuevaespana
lne.es
El Oviedo se reúne con Luis Carrión para suceder a Cervera
El extécnico del Cartagena es el principal candidato para relevar al cántabro en el banquillo del Oviedo
alvaro🐺"
@alvaroviedo1926,"Sep 20, 2023","Replying to 
@OviedoBold
solo tienes la vista de lo que es Cervera en el Oviedo pero no estás viendo lo que puede ser un Carrión aquí o otro perfil así, que se ve último y se le va a pedir juego y resultados, Oviedo nunca fue una plaza fácil
OviedoBold"
@OviedoBold,"Sep 20, 2023","Replying to 
@alvaroviedo1926
Del Cervera de Cadiz vale, pero repito, de este Cervera que no hace cambios con uno más, que no se adapta a los jugadores?
alvaro🐺"
@alvaroviedo1926,"Sep 20, 2023","Replying to 
@OviedoBold
4 mataos.... ni en la mejor temporada de la historia reciente del Cartagena quedan delante del Oviedo de Cervera, muy irregular, no me convence
OviedoBold"
@OviedoBold,"Sep 20, 2023","Carrión es peor que el actual Cervera? La única razón por la que Carrión puede ser peor que alguien que tiene 3 de 18 es porque tiene “menos nombre”, que es una pijada
Grada Oviedo"
@GradaOviedo,"Sep 20, 2023","Siguen los contactos de la dirección deportiva del #RealOviedo en búsqueda del sustituto de Cervera. Se pasa del teléfono a la vía presencial con un encuentro en León con Luis Carrión. Volantazo a la idea y el proyecto.
La Nueva España"
@lanuevaespana,"Sep 20, 2023","El Oviedo se reúne con Luis Carrión para suceder a Cervera


La Voz de Asturias"
@lavozdeasturias,"Sep 20, 2023","Luis Carrión gana fuerza en la terna del Real Oviedo para sustituir a Cervera
From lavozdeasturias.es
SER Deportivos Asturias"
@ASERDeportivos,"Sep 20, 2023","#SERDeportivosAsturias |  En directo:

🏋️‍♀️ El Real Oviedo ha regresado a los entrenamientos con Álvaro Cervera al frente

✅ Santi Cazorla ha hecho parte del trabajo con el grupo

🖥️ http://Radioasturias.com
📲  App de 
@La_SER

📻 100.9 FM
Ahijadiño"
@BlueOviedo1926,"Sep 20, 2023","Con Cervera sólo pido que se sea claro. Sí sigue, que se le respalde a muerte. Sino, que sea una salida acorde a lo que se merece: digna y con agradecimiento eterno.
Oviedo💙🐺💙"
@JavierCaboGonza,"Sep 20, 2023","Replying to 
@GxldeBretones
Si echan a Cervera hoy,como muy tarde anuncian sustituto mañana
Varo_OVD 🐺"
@VaroOvd,"Sep 20, 2023","Cervera dirige la sesión de hoy. Me recuerda mucho, por comparar al año pasado, con el Albacete vs Oviedo donde bolo sabía q iba fuera 

Gran noticia: Cazorla con el grupo
salvapbl8"
@salvapbl8,"Sep 20, 2023","MI REAL OVIEDO  DEBE DESTITUIR YA DE YA A ALVARO CERVERA  Y FICHAR A RUBI COMO NUEVO ENTRENADOR DEL REAL OVIEDO  ESO SEGURISIMO  .
Quote
La Nueva España"
@lanuevaespana,"Sep 19, 2023","#ÚLTIMAHORA Las peores horas de Cervera: el Oviedo se plantea su destitución http://w.lne.es/9amgc2
Fran Laviada"
@FranLaviada,"Sep 20, 2023","Replying to 
@RealOviedo
¡A las duras y las maduras! El mejor entrenador que puede tener en estos momentos el Real Oviedo se llama Álvaro Cervera. ¡Ya está bien de echarle siempre la culpa a los entrenadores y que los jugadores se vayan de rositas!
alvaro🐺"
@alvaroviedo1926,"Sep 20, 2023","Ver gente quejarse de que el Oviedo felicite a Cervera me parece de coña


Oviedo💙🐺💙"
@JavierCaboGonza,"Sep 20, 2023","Yo me pregunto: porque Cervera se empeña en entrenar a puerta cerrada,si luego no tiene ni estrategia ni nada....que quiere ocultar, si luego hace siempre lo mismo....
Cuenta cerrada."
@JAntoni72684426,"Sep 20, 2023","Replying to 
@oviedismo
Si le dejan a S.C8 le da una Máster class a Cervera de cómo se tiene que entrenar y como posicionar a su equipo en el campo.
OviedoBold"
@OviedoBold,"Sep 20, 2023","Replying to 
@Victor__Alvarez
 and 
@jsilvinor
Carrión ganó a Cervera el año pasado.
Juan Ardura"
@JuanArdura05,"Sep 20, 2023","SI la propiedad del Oviedo renovó por 2 temporadas a Cervera hace 4 meses no parece lógico que lo eche por un inicio de liga, van 6 jornadas, muy decepcionante con un atenuante,8 bajas. Sí el equipo y el cuerpo técnico van a una toca remar más y mejor, empezando por el Valladolid
OviedoBold"
@OviedoBold,"Sep 20, 2023","A que Cervera hace el Domingo con Santi la de Bolo con Borja en Albacete.....
Sangre Azul💙"
@SangreOviedo,"Sep 20, 2023","Replying to 
@SangreOviedo
Conclusión. Quiero un cambio y cuánto antes mejor, pero creo que la mayoría de culpa NO es de Cervera. Pero qué puedes hacer cuando las cosas no van bien? Pues echar al Mister, ya que una plantilla nueva no se puede traer mañana.. Si el mister te pide manzanas y le traes peras…
Sangre Azul💙"
@SangreOviedo,"Sep 20, 2023","Tema Cervera. Yo creo que lo mejor para todos es un cambio, y cuanto antes mejor para tener tiempo a remontar incluso a pelear por algo a final de temporada. Ahora, varias cosas a tener en cuenta. (+)
Miguel"
@msanchez75,"Sep 20, 2023","Replying to 
@1CadistaMas
siempre he dicho que el sistema de Cervera vale cuando metes alguna de las 2 o 3 oportunidades que tienes en 1 partido, como eso no pase malo, y si te pasa durante 4 o 5 partidos, chau. Fue lo que le pasó aquí, y ahora en Oviedo. Simple.
Nacho Azparren"
@NachoAzparren,"Sep 20, 2023","Álvaro Cervera llega al campo número 4 de El Requexón para dirigir el entrenamiento del Oviedo


ElDesmarque Asturias"
@DMQAsturias,"Sep 20, 2023","Cervera cumple años con su futuro en juego: el Oviedo amplía el abanico de candidatos https://eldesmarque.com/futbol/real-oviedo/20230920/cervera-cumple-anos-con-su-futuro-en-juego-el-oviedo-amplia-el-abanico-de-candidatos_300097093.html
ElDesmarque Oviedo"
@DMQOviedo,"Sep 20, 2023","Cervera cumple años con su futuro en juego: el Oviedo amplía el abanico de candidatos https://eldesmarque.com/futbol/real-oviedo/20230920/cervera-cumple-anos-con-su-futuro-en-juego-el-oviedo-amplia-el-abanico-de-candidatos_300097093.html
Harkonnen (cabrón carbayón)"
@harkonnen69,"Sep 20, 2023","Feliciten a Cervera, R.Oviedo, y después, anuncien cese. O al revés, da igual. Tarta de 6 euros del Mercadona y pista.
Apóstata 🔻"
@apostata4,"Sep 20, 2023","El “todavía” entrenador del Real Oviedo, Álvaro Cervera, cumple hoy 58 años.
¡Felicidades, míster!
Diario Oviedista"
@DiariOVD,"Sep 20, 2023","Así se plantea el futuro del banquillo del Oviedo: Cervera baila en el alambre https://lne.es/real-oviedo/2023/09/20/plantea-futuro-banquillo-oviedo-cervera-92307225.html?utm_source=twitter&utm_medium=social&utm_campaign=btn-share vía 
@lanuevaespana
Javier González Negrete"
@negurete,"Sep 20, 2023","Replying to 
@Novoj1926
Cuando uno es más de un entrenador que del Oviedo pasan estas cosas, que se dicen gilipolleces. Pasó com Ziganda y ahora con Cervera. Hasta cuando hay que confiar en el? Hasta que el descenso sea matemático? 3 puntos de 18, 0 victorias y 2 goles a favor.
Historia de Oviedo"
@Histoviedo,"Sep 20, 2023","Replying to 
@RealOviedo
Tiene toda la pinta que el domingo parte de la grada cantará “Cervera vete ya”,al club le gusta el mal ambiente en el Tartiere.
La Nueva España"
@lanuevaespana,"Sep 20, 2023","Así se plantea el futuro del banquillo del Oviedo: Cervera baila en el alambre http://w.lne.es/btai72


José"
@cmjose2018,"Sep 20, 2023","Al Oviedo le va a ir muy bien con Ramis. No me cabe ninguna duda. Sería muy http://curioso.Se iría del banquillo un ex-técnico del Tenerife como Cervera y le sustituiría otro ex-entrenador del club blanquiazul. Tremendas las casualidades. Mucha suerte, Míster.
Quote
Juan Velázquez"
@juanvelazquezfd,"Sep 19, 2023","El Oviedo a por Ramis.
A falta de confirmar la destitución de Cervera, el Real Oviedo ya ha escogido a su sucesor, Luis Miguel Ramis ex del Tenerife.
Rubi no es opción por caché y porque espera a un primera.
Carrión no convence a todos dentro del Oviedo.
PLINIO AL 15, EL VIP DE TARANIELLO."
@taranielloazul,"Sep 20, 2023","La decisión está tomada.

Así se plantea el futuro del banquillo del Oviedo: Cervera baila en el alambre https://lne.es/real-oviedo/2023/09/20/plantea-futuro-banquillo-oviedo-cervera-92307225.html?utm_source=twitter&utm_medium=social&utm_campaign=btn-share vía 
@lanuevaespana
Dicrak2050"
@Dicrak20501,"Sep 20, 2023","#LaLigaHypermotion

La continuidad de Álvaro Cervera en el banquillo del Real Oviedo pende de un hilo. El español tiene al equipo penúltimo con tres puntos y sin haber ganado aún un partido tras seis jornadas.

📌 Marca
Jaime"
@osca_cannizzaro,"Sep 19, 2023","Sillas calientes en algunos banquillos de la Segunda División.
Víctor Sánchez del Amo, Cervera y Ziganda en la cuerda floja tras su mal inicio de temporada.
@__AngelGarcia__
 pone sobre la mesa los posibles nombres que Cartagena, Oviedo y #sdHuesca estarían manejando.
PLINIO AL 15, EL VIP DE TARANIELLO."
@taranielloazul,"Sep 19, 2023","Y en el vuelo, mutismo absoluto. Cruces de miradas, y silencio absoluto. 

Caras largas y preocupación en el Oviedo: así fue la llegada al aeropuerto de los de Cervera https://lne.es/real-oviedo/2023/09/19/caras-largas-preocupacion-oviedo-llegada-92296450.html?utm_source=twitter&utm_medium=social&utm_campaign=btn-share vía 
@lanuevaespana
lne.es
Caras largas y preocupación en el Oviedo: así fue la llegada al aeropuerto de los de Cervera
La expedición azul ya descansa en la ciudad después de la derrota en Andorra
Harkonnen (cabrón carbayón)"
@harkonnen69,"Sep 19, 2023","Será posible que vaya a aparecer Cervera mañana por el Requexón,  como si nada, R.Oviedo ?
El eslovaco"
@oviedo_o_muerte,"Sep 19, 2023","Replying to 
@egooROCF
Algún partido hay q ganar, pero con cervera dificilisimo


Radio MARCA Asturias"
@RMarcaAsturias,"Sep 19, 2023","🎧 DMA con 
@pablo_guisasola
 desde 
@Finetwork
 Oviedo

🕳️ La crisis del Oviedo y las dudas con Cervera aumentan 

🔵 Especialistas Oviedo con 
@InigoDominguez
, 
@alvaritoenlaf1
 y 
@Gabri_Gallego13
 

🔴 Hassan y el fútbol moderno 

🚴‍♂️ ETV a Dani Navarro

📻 http://ivoox.com/rf/116253695
Show more
-/\ BART /\-"
@DiegoABR1992,"Sep 19, 2023","Replying to 
@_RadioRO_
en el mismo momento que el Oviedo preparó una plantilla que pueda JUGAR el balón, hacer algo de fútbol...... yo dejé de confiar en cervera. Ya que es el ANTI-FUTBOL en persona....... fiel admirador de Bordalás, por que son IGUALES
ZsZ"
@Zack_vdt,"Sep 19, 2023","Replying to 
@RealOviedo
Esto es lo que espera Cervera de su Oviedo 😅😅.
Luis"
@asturlluis,"Sep 19, 2023","Sigue Cervera siendo entrenador del Oviedo?
Killer Asturias"
@killer_asturias,"Sep 19, 2023","🙅‍♂️ Los pecados capitales que cometió el Oviedo en Andorra y que le pueden costar el puesto a Cervera 

➡️ El club ha recibido numerosos ofrecimientos a lo largo del día
killerasturias.com
Los pecados capitales que cometió el Oviedo en Andorra y que le pueden costar el puesto a Cervera |...
Son horas complicadas en el seno del Real Oviedo. Tras la dura derrota del lunes ante el Andorra (1-0), la directiva se plantea la posible destitución de Álvaro Cervera, que apenas ha conseguido un...
hooligans oviedo 𝕳"
@1994hooligans,"Sep 19, 2023","Si a una persona le dices 50 veces que no sabe atacar ,que no vale para eso, que le cuesta mucho, al final se lo acaba creyendo y eso le pasa a los jugadores con Cervera.
Alvaro"
@AlvaroGSaavedra,"Sep 19, 2023","El Amberes aunque se lleve un saco, saliendo a proponer e intentarlo en Barcelona. 
Pero Cervera considera que el Oviedo tiene que ir a Andorra a que no pase nada como único plan. 
Qué calvario, de verdad.
El eslovaco"
@oviedo_o_muerte,"Sep 19, 2023","@RealOviedo
 aún no largasteis a Cervera?


Ezio"
@MrEzio_,"Sep 19, 2023","Replying to 
@Lediakhov
Lo he pensado yo también. Parece que el Sporting está hecho para un Cervera y el Oviedo para un Ramírez. De momento, el que está demostrando ser mejor entrenador es MAR...
Terrorismo Patronal"
@RedRofega,"Sep 19, 2023","Replying to 
@nosty79
Pero el malo ye Cervera y antes Ziganda.
A mí ya me la pela pero me jode por los mis guajes que nun van ver al Oviedo en 1ª en la vida.
Xuan"
@juaancorrada,"Sep 19, 2023","Razones por las que creo que el Oviedo está como está:

-Mal mercado en el sentido de no traer lo que quiere el entrenador salvo las excepciones que conocemos

-Errores de Cervera (ayer el ejemplo más claro)

-Lesiones

-0 disposición de adaptarse por parte del entrenador
David Flórez"
@davidflg,"Sep 19, 2023","Con todo lo que está sonando para sustituir a Cervera, me cuesta entender que no se sopese darle la oportunidad a alguien de Oviedo y oviedista como Jaime, que tan gran trabajo está haciendo en el Vetusta.
Lucy Kiddo"
@CasaprimaLucia,"Sep 19, 2023","El Oviedo está en negociaciones con Ramón Melendi, prestigioso entrenador del gusto de Twitter Oviedo, para sustituir a Álvaro Cervera.

El acuerdo se firmaría esta misma noche
Killer Asturias"
@killer_asturias,"Sep 19, 2023","🎙️ Especialistas Real Oviedo: División de opiniones sobre la posible destitución de Cervera 

👀 Los tertulianos de 
@RMarcaAsturias
 analizan el partido ante el Andorra y la situación del técnico
killerasturias.com
Especialistas Real Oviedo: División de opiniones sobre la posible destitución de Cervera | Killer...
El Real Oviedo sigue sin dar con la tecla en este inicio de temporada y aún no conoce la victoria tras seis jornadas. La derrota de ayer ante el Andorra (1-0) fue dura para los azules, que se...
TODOmercadoWEB"
@Todomercadoweb,"Sep 19, 2023","Real Oviedo, Álvaro Cervera en la cuerda floja.

https://todomercadoweb.es/2a-division-a/real-oviedo-alvaro-cervera-en-la-cuerda-floja-462970
Más Fichajes"
@mas_fichajes,"Sep 19, 2023","Los posibles sustitutos de Cervera en el Oviedo: Mientras en el consejo de administración del Real Oviedo se sopesa la posibilidad de destituir a Álvaro Cervera; la dirección deportiva, encabezada por Agustín Lleida, ya sondea el mercado de ... #fichajes


Más Fichajes"
@mas_fichajes,"Sep 19, 2023","El Oviedo sopesa la destitución de Álvaro Cervera: La bonita historia de amor de Álvaro Cervera y el Real Oviedo parece estar llegando a su fin. Apenas 11 meses después de su llegada al club carbayón, y tras ... #fichajes http://dlvr.it/SwLHQf
RadioRO"
@_RadioRO_,"Sep 19, 2023","NOTICIA.
El Real Oviedo recibe el ofrecimiento de Julian Calero para sustituir a Cervera.  

Vía:
@marca
RadioRO"
@_RadioRO_,"Sep 19, 2023","NOTICIA.
El Real Oviedo recibe el ofrecimiento de Pablo Machín para sustituir a Cervera.

Vía: 
@marca
Screemface"
@_ScreemFace_,"Sep 19, 2023","NUEVO VÍDEO
ANDORRA CF 1-0 REAL OVIEDO
¿EL FIN DE CERVERA?

📹 https://youtu.be/K_BFCU3LZXY
RObertito"
@rsmartinez1980,"Sep 19, 2023","Intuíamos distinto discurso Cervera-propiedad en la marcha del equipo casi desde q llegó,jugar mejor o ganar duda existencial. Oviedo se ha acostumbrado a mediocridades pero todos queríamos el barco de Cervera,pq es hombre de rachas y una mala podría tumbarle,guarden el cuchillo.
VengodelMono"
@FedeRic73731693,"Sep 19, 2023","Replying to 
@DeportesCopeA
 
@RealOviedo
 and 2 others
El 90% de las causas de la situación del Oviedo no tienen nada que ver con el entrenador, sea quien sea, Cervera u otro. Hay que pedirle más evidentemente, a él y al equipo, y hacérselo ver a ambos, pero echarle sería un error.
Adrián Pazos 🇦🇹"
@paazoss,"Sep 19, 2023","Replying to 
@manu_miguelez10
 and 
@LockedGuismo
al final las rojas que sacan al oviedo, estes mas de acuerdo o no, no pueden ir así los jugadores
luego los penaltis pues otra cosa mas
a eso le sumas que le han hecho a cervera una plantilla para el estilo de juego de mar
y añades que cervera no esta planteando bien los partidos


Oviedo💙🐺💙"
@JavierCaboGonza,"Sep 19, 2023","Replying to 
@DeOviedoalCielo
 
@_RadioRO_
 and 2 others
Si llega al domingo,mi asiento quedará vacío, no voy a sufrir el bochorno juego de cervera 🤣🤣🤣
Iván"
@astures,"Sep 19, 2023","Replying to 
@MigRemix
Muy bien explicado. Obviamente Cervera tendrá parte de su culpa pero los problemas del Real Oviedo son estructurales y vienen de lejos. A todo eso añado que Pachuca no parece entender el fútbol aquí y el entender una planificación como el cambiar de cromos
Juan Velázquez"
@juanvelazquezfd,"Sep 19, 2023","El Oviedo a por Ramis.
A falta de confirmar la destitución de Cervera, el Real Oviedo ya ha escogido a su sucesor, Luis Miguel Ramis ex del Tenerife.
Rubi no es opción por caché y porque espera a un primera.
Carrión no convence a todos dentro del Oviedo.
OviedoBold"
@OviedoBold,"Sep 19, 2023","Replying to 
@MundoSegunda_
 and 
@TPAnoticias
Ya 
@RealOviedo
 ya, soy un turras, pero es insostenible para la afición, plantilla y para el propio Cervera
CD Tenerife🏴󠁧󠁢󠁳󠁣󠁴󠁿"
@Elquenovalianew,"Sep 19, 2023","Replying to 
@cmjose2018
 
@MundoSegunda_
 and 
@lanuevaespana
Para mi el Oviedo no es proyecto para Ramis, si el juego de Cervera no encaja el de Ramis es más de lo mismo, yo sí fuera el esperaría a lo del Valladolid o si en un futuro Cordero lo quiere para un equipo.
Oviedo💙🐺💙"
@JavierCaboGonza,"Sep 19, 2023","Replying to 
@MigRemix
@Ramonjulio27
 Cervera,no se va a ir con lo puesto, también cobra,y creo no será poco....lo lamentable es que se irá,dejando al 
@RealOviedo
 en el puesto 21, con 3 puntos de 18
Varo_OVD 🐺"
@VaroOvd,"Sep 19, 2023","La relación Cervera-Oviedo se debe de cortar por lo sano y sin conflictos. Dejarlo hasta el domingo, como yo creo que va a ocurrir, va a ser malo para ambas partes porque la grada va a pedir la dimisión. Yo creo que deberían destituirlo en el día de hoy y traer al sustituto ya
ALGA"
@DireccionNgel,"Sep 19, 2023","Por cambiar algo de monotema y por si le interesa a alguien esta es mi nueva novela está desde hoy en Amazon y en algunas librerías. La presentamos en la Feria de Murcia entre el 6 y el 15 de octubre allí estaré firmando ejemplares. Hala Oviedo!! Cervera vete YA!!


La Liga Data"
@LaLigaData123,"Sep 19, 2023","Andorra 1-0 Real Oviedo
La Liga Hypermotion J6 (2a div)
Final en Andorra, victoria del equipo local.
⚽ Julen Lobete (81') (P)
El puesto de Álvaro Cervera peligra ⚠️
Hubo un posible penalti sobre Borja Bastón ❌
🟥 Scheidler (64') (AND)
🟥 Luismi (79') (ROV)
blin84"
@blin1984,"Sep 19, 2023","Replying to 
@DireccionNgel
Hombre , mira q entre los q nombras hay muchos q no trago. Pero si ves un poco los partidos del Oviedo, Cervera se echa el solo.
Grada Oviedo"
@GradaOviedo,"Sep 19, 2023","Muy cuestionado Álvaro Cervera después de la derrota de ayer. Con sus posibles sustitutos pendientes de dos llamadas, Jesús Martínez y la cúpula directiva medita si el reemplazo del entrenador es la vía ideal para el #RealOviedo en este momento.
Oviedo💙🐺💙"
@JavierCaboGonza,"Sep 19, 2023","Replying to 
@DMQOviedo
Si no se atreven a decírselo, tranquilos que yo se lo digo....
Cervera,pa tu puta casa, inútil
@RealOviedo
ElDesmarque Oviedo"
@DMQOviedo,"Sep 19, 2023","Con Cervera contra las cuerdas... ¿Apostará Pachuca por un entrenador más ofensivo? http://dozz.es/5ks3g2
marius_lacatus"
@marius_lacatus_,"Sep 19, 2023","Replying to 
@pecenteno
El Oviedo ya murió hace años. Y no os dais cuenta. Esto es una empresa de unos mejicanos que harán lo que quieran. Y Cervera normal k no dimita. Que le paguen y lo echen. Es lo que haríamos todos nosotros. Cuando ves que no pintas nada
salvapbl8"
@salvapbl8,"Sep 19, 2023","Que no se crea ALVARO CERVERA  QUE CON SANTI CAZORLA   EL OVIEDO VA A MEJORAR DEMASIADO .
Oviedo💙🐺💙"
@JavierCaboGonza,"Sep 19, 2023","Aterrizaría ya el 
@RealOviedo
 en Asturias??
Alguien sabe si Cervera lo dejaron volver o lo tiraron del avión??


La Liga lineups | SORARE"
@XoubaP,"Sep 19, 2023","Replying to 
@LucasCot
Keep an eye on it. Álvaro Cervera, the Oviedo coach, is in danger of being fired due to poor results. We'll see this week... In that hypothetical case the goalkeeper change may not occur, but they will probably start on equal terms.
Diego Copano"
@diegocopano,"Sep 19, 2023","Cervera en verdá es un infiltrado del Cádi en el Oviedo.
Killer Asturias"
@killer_asturias,"Sep 19, 2023","🚨 Cervera, en la cuerda floja: El Oviedo busca alternativas 

👉 El club tomará una decisión tras su vuelta a Asturias y mira de reojo el mercado 

https://killerasturias.com/noticias/cervera-en-la-cuerda-floja-el-oviedo-busca-alternativas#
Radio MARCA Asturias"
@RMarcaAsturias,"Sep 19, 2023","💪 ‘Especialistas Real Oviedo’ para analizar la derrota ante el Andorra y la situación de Cervera

➡️ Con nosotros: 

🗣️ Iñigo Domínguez (
@InigoDominguez
)  

🗣️ Gabri Gallego (
@Gabri_Gallego13
) 

🗣️ Álvaro García (
@alvaritoenlaf1
)

#DirectoMarcaAsturias
Show more
Daniel B"
@whodey_asturies,"Sep 19, 2023","El se refiere a con balon, q no puedes ser mejor en eso q ellos, y eso es cierto. El Oviedo es infumable de ver años años y años, no es cervera solo, si quieren un cambio d verdad q no traigan un Ramis  y si un Carrion o Rubi, pero pense q en Oviedo no importaba tanto jugar bien
Radio MARCA Asturias"
@RMarcaAsturias,"Sep 19, 2023","🔵 Actualidad del Real Oviedo con 
@borfgarcia
 

❌ Derrota del conjunto carbayón ante el Andorra 

❓El futuro de Álvaro Cervera 

#DirectoMarcaAsturias
Xurde"
@xurdonovski,"Sep 19, 2023","El Oviedo de Cervera ahora mismo es un poco Cervera en la batalla de Santiago, sin llegar al enemigo y esperando a ser vapuleado


ElDesmarque Oviedo"
@DMQOviedo,"Sep 19, 2023","Cervera, sentenciado por la afición: ""Tiene los días contados"" https://eldesmarque.com/futbol/real-oviedo/20230919/cervera-sentenciado-por-la-aficion-tiene-los-dias-contados_300096021.html
Oviedo💙🐺💙"
@JavierCaboGonza,"Sep 19, 2023","Replying to 
@brununchelo
 and 
@MarioJimenezB_
La de seoane , las de colombatto,etc llevamos unos arbitrajes penosos, penaltis no pitado.....pero no podemos escudar en ellos el mal juego y planteamiento de cervera
ElDesmarque Oviedo"
@DMQOviedo,"Sep 19, 2023","Las horas más duras de Cervera en Oviedo: su cargo corre peligro https://eldesmarque.com/futbol/cadiz-cf/20230919/las-horas-mas-duras-de-cervera-en-oviedo-su-cargo-corre-peligro_300096155.html
ElDesmarque Cádiz"
@desmarquecadiz,"Sep 19, 2023","Las horas más duras de Cervera en Oviedo: su cargo corre peligro https://eldesmarque.com/futbol/cadiz-cf/20230919/las-horas-mas-duras-de-cervera-en-oviedo-su-cargo-corre-peligro_300096155.html
ElDesmarque Cádiz CF"
@eldesmarque_ccf,"Sep 19, 2023","Las horas más duras de Cervera en Oviedo: su cargo corre peligro https://eldesmarque.com/futbol/cadiz-cf/20230919/las-horas-mas-duras-de-cervera-en-oviedo-su-cargo-corre-peligro_300096155.html
Jose L. Rguez-Mera"
@joselurr,"Sep 19, 2023","Replying to 
@KeepitrealOVD
Si mejora el equipo y empieza a sumar, me vale. Más que nada porque todos son profesionales, ni él era del Sporting, ni Cervera es del Oviedo ni casi ningu´n entrenador es del equipo que entrena
ElDesmarque Asturias"
@DMQAsturias,"Sep 19, 2023","Las horas más duras de Cervera en Oviedo: su cargo corre peligro https://eldesmarque.com/futbol/cadiz-cf/20230919/las-horas-mas-duras-de-cervera-en-oviedo-su-cargo-corre-peligro_300096155.html
Diego Gonzalez"
@diegogonzalez_9,"Sep 19, 2023","⚽️Desde las 21:00 analizamos la crisis del Real Oviedo

👉Cervera podría no sentarse en el banquillo ante el Valladolid. ¿Cuáles son las opciones? Viajaremos a Tenerife, Cartagena y Almería para averiguarlo

🎙️@miguel_tunon 
@VaroOvd
twitch.tv
diegogcamporro - Twitch
Oviedista. Ten el valor de seguir a tu corazón 👋🏻. Periodista de El Español
𝕵𝖔𝖆𝖓𝕸𝖆𝖗𝖙𝕲𝖔𝖓 🇪🇸🇩🇪🇨🇭"
@ByJoanmargon75,"Sep 19, 2023","Replying to 
@ByJoanmargon75
Yo sólo digo que Cervera tiene los días contados en el Oviedo


Portal de Cádiz"
@portaldecadiz,"Sep 19, 2023","El Real Oviedo se estaría planteando echar a Álvaro Cervera
portalcadista.com
El Real Oviedo se estaría planteando echar a Álvaro Cervera
Tras la última derrota a manos del Andorra con un marcador de 1-0, el Oviedo experimenta una profunda crisis deportiva, acumulando solo tres puntos de los últim...
Portal Cadista"
@portalcadista,"Sep 19, 2023","El Real Oviedo se estaría planteando echar a Álvaro Cervera
portalcadista.com
El Real Oviedo se estaría planteando echar a Álvaro Cervera
Tras la última derrota a manos del Andorra con un marcador de 1-0, el Oviedo experimenta una profunda crisis deportiva, acumulando solo tres puntos de los últim...
Vadi Namar 49🔻"
@vadi_49,"Sep 19, 2023","Rubi sería el top, quizá espera un primera y no puede ser, Ramis igual le daría oportunidad, pero me genera alguna duda, pero bueno, lo que tengo claro es que no puede estar Cervera ni un minuto más en el Real Oviedo. Toca actuar y sufrir. Oviedo por encima de todo.
Quote
RadioRO"
@_RadioRO_,"Sep 19, 2023","NOTICIA.
El Real Oviedo está en contacto con entrenadores por la posible salida de Cervera.

🔵 Rubi.
🔵 Ramis.
🔵 Carrión.

Vía: @lanuevaespana
Show more
ElDesmarque Oviedo"
@DMQOviedo,"Sep 19, 2023","El Oviedo sopesa la destitución de Cervera y tiene a varios sustitutos en su agenda
eldesmarque.com
El Oviedo sopesa la destitución de Cervera y tiene a varios sustitutos en su agenda
La continuidad de Álvaro Cervera podría estar en el aire y el Oviedo tiene a varios sustitutos en su agenda.
ElDesmarque Asturias"
@DMQAsturias,"Sep 19, 2023","El Oviedo sopesa la destitución de Cervera y tiene a varios sustitutos en su agenda
eldesmarque.com
El Oviedo sopesa la destitución de Cervera y tiene a varios sustitutos en su agenda
La continuidad de Álvaro Cervera podría estar en el aire y el Oviedo tiene a varios sustitutos en su agenda.
ElDesmarque Sporting"
@DMQSporting,"Sep 19, 2023","El Oviedo sopesa la destitución de Cervera y tiene a varios sustitutos en su agenda
eldesmarque.com
El Oviedo sopesa la destitución de Cervera y tiene a varios sustitutos en su agenda
La continuidad de Álvaro Cervera podría estar en el aire y el Oviedo tiene a varios sustitutos en su agenda.
OviedoBold"
@OviedoBold,"Sep 19, 2023","Replying to 
@danivrvcf
Pero que decis, si sigue Cervera nos meteis 3
Falismo"
@1CadistaMas,"Sep 19, 2023","Nosotros vivimos un empiezo de liga parecido con Cervera (el año que ascendimos a 2ª) al que están viviendo en Oviedo ahora, la directiva supo tener paciencia y dio sus frutos. El tener una directiva que le trae jugadores prácticamente acabados, populistas y en contra de su
Show more


Mundo Segunda"
@MundoSegunda_,"Sep 19, 2023","🚨💣𝐑𝐔𝐁𝐈, 𝐑𝐀𝐌𝐈𝐒 y 𝐋𝐔𝐈𝐒 𝐂𝐀𝐑𝐑𝐈𝐎𝐍 son opciones que tiene encima la mesa el Real Oviedo para sustituir a Álvaro Cervera.

El conjunto asturiano se estaría planteando la destitución del técnico y estos tres nombres serían opciones.

Vía 
@lanuevaespana
Oviedo💙🐺💙"
@JavierCaboGonza,"Sep 19, 2023","Replying to 
@alvaro__om
El que tiene que dar explicaciones es el señor Cervera,quedando el rival con 10,como se puede ser tan conservador e inútil,para tardar 20 minutos en hacer cambios
JuanmaCadista💛💙-anedecai@hotmail.com"
@anecaiOferDlDia,"Sep 19, 2023","Replying to 
@RACINGUISTAgadi
 and 
@jimmymateos
Bueno x aquí q conocemos 1poco a Cervera,El es 1entrenador d Club,q Suele tragar mucho y encima saca rendimiento a plantillas pésimas,como la pasada temp.en Oviedo,al q Salvo Holgadamente,pero  es q lo q le Han Dado este año,es mucho peor q el anterior,veremos si puede salvarlo🤔
ALGA"
@DireccionNgel,"Sep 19, 2023","Ziganda y Cervera los dos últimos entrenadores del Oviedo en la puta cola y haciendo el ridículo. Donde están las viudas que no salen
Oviedo💙🐺💙"
@JavierCaboGonza,"Sep 19, 2023","Replying to 
@naciogf
Cervera 100%culpable,del deplorable juego,y de no saber llevar a la plantilla,que creo es la de mayor calidad de los últimos años
RadioRO"
@_RadioRO_,"Sep 19, 2023","NOTICIA.
El Real Oviedo está en contacto con entrenadores por la posible salida de Cervera.

🔵 Rubi.
🔵 Ramis.
🔵 Carrión.

Vía: 
@lanuevaespana
Oviedo💙🐺💙"
@JavierCaboGonza,"Sep 19, 2023","Seguirá Cervera analizando al Andorra para hacer los cambios???
Oviedo💙🐺💙"
@JavierCaboGonza,"Sep 19, 2023","Replying to 
@cabal_a
Alejandro, y lo que nos queda de cabreo,si el domingo volvemos a tener a Cervera en el banco....
RadioRO"
@_RadioRO_,"Sep 19, 2023","NOTICIA.
El Real Oviedo medita la destitución de Alvaro Cervera.

🗣️ Hablarán los directivos y se tomará una decisión “en frio”.

Vía: 
@lanuevaespana


Apóstata 🔻"
@apostata4,"Sep 19, 2023","Renueven a Cervera antes de que nos lo quiten. No sé a qué esperan en el Real Oviedo.
♿️🛫"
@jodemeRSG,"Sep 19, 2023","no se de que se quejan los del Oviedo ahora con el estilo de juego de Cervera, el mismo juego de mierda que el año pasado (en Cádiz si que podía ser más entretenido) solo que el tiro a puerta por partido esta vez no entra o el penaltito no se pita
Sporting1905.es 🍕"
@sporting1905,"Sep 19, 2023","Rubi, ex del Sporting🔴, entre los candidatos a sustituir a Cervera❌ en el Oviedo.
From lavozdeasturias.es
Oviedo💙🐺💙"
@JavierCaboGonza,"Sep 19, 2023","Replying to 
@CsarMorn183319
Yo de calentón digo que no voy, pero estaré sufriendo el bochornoso juego de cervera en la grada como cada domingo 🤣🤣
Keras"
@markeras97,"Sep 19, 2023","Replying to 
@AVerdejo5
Al Oviedo le pega un montón un entrenador como rubi que encima esta libre. Espero que no echen a cervera pronto
⚽ Juanma R.O. ⚽"
@juanma70s,"Sep 19, 2023","Ibarra al Club León, Borja Sánchez al Oviedo, y Cervera al paro. 
@RealOviedo
Diario Oviedista"
@DiariOVD,"Sep 19, 2023","Las peores horas de Cervera: el Oviedo se plantea su destitución https://lne.es/real-oviedo/2023/09/19/peores-horas-cervera-oviedo-plantea-92271375.html?utm_source=twitter&utm_medium=social&utm_campaign=btn-share vía 
@lanuevaespana
From lne.es
Oviedo siempre."
@OviedistaK04227,"Sep 19, 2023","Replying to 
@ViejoTartiere
Y porque a Cervera nunca le gustó.
Andrés Menéndez"
@Andresmenendezp,"Sep 19, 2023","Noticia que avanza  
@xuan_fernandez
: El Oviedo se plantea la destitución de Cervera. La crisis de resultados azul lleva a la propiedad a meditar el relevo. Carrión, Rubi y Ramis aparecen como candidatos.


La Nueva España"
@lanuevaespana,"Sep 19, 2023","#ÚLTIMAHORA Las peores horas de Cervera: el Oviedo se plantea su destitución
From lne.es
Xuan Fernández"
@xuan_fernandez,"Sep 19, 2023","Las peores horas de Cervera: el Oviedo se plantea su destitución https://lne.es/real-oviedo/2023/09/19/peores-horas-cervera-oviedo-plantea-92271375.html?utm_source=twitter&utm_medium=social&utm_campaign=btn-share a través de 
@lanuevaespana
From lne.es
Jandro Llaneza"
@Jandrini,"Sep 19, 2023","Los datos del Oviedo de Cervera son 6 partidos, a unos 540 minutos de juego (sin contar añadidos), 9 tiros a puerta (2 goles) y 3 puntos. Si con estos números y siendo el entrenador crees que esto no va contigo, o que no debes de cambiar nada, es que de fútbol sabes bien poco.
Míticu Oviedo"
@MiticuROviedo,"Sep 19, 2023","La inacción de Cervera durante la segunda parte del partido de ayer es inaceptable, pero yo sigo creyendo que es un gran entrenador y sigo confiando en él. Entiendo el cabreo de la gente, pero yo pediría paciencia. La situación es delicada pero no desesperada. Queda mucha liga.
Nox"
@Noxaso,"Sep 19, 2023","El que venga tiene que poder entrenar todos los días de esta semana. Hoy están volviendo de Andorra y el sustituto de Cervera tiene que estar ya en Oviedo.
Emilio"
@Emilio15292597,"Sep 19, 2023","Replying to 
@RealOviedo
Hay que traer un entrenador joven. Cervera está anquilosado, anticuado y sin ideas. Es una rémora para el Real Oviedo.
Real Oviedo"
@RealOviedo,"Sep 19, 2023","🎙 Palabras de Álvaro Cervera tras el #AndorraRealOviedo

💻 https://realoviedo.es/noticias/alvaro-cervera-es-un-golpe-muy-duro

#RealOviedo 🔵⚪️


RACINGUISTAgaditano"
@RACINGUISTAgadi,"Sep 19, 2023","Replying to 
@jimmymateos
El problema del Oviedo es que la propiedad ficha a los jugadores que le salen de los cojones y que son incompatibles con el modelo de juego de Álvaro Cervera. Si este tuviera mayor poder de decisión los fichajes hubieran sido otros. Consenso directiva - entrenador 0 patatero!!!
JD"
@KeepitrealOVD,"Sep 19, 2023","Pase lo que pase con Cervera lo único que pido es que nos explique porqué Borja Sánchez, cuya titularidad el año pasado comenzó la racha que nos puso arriba con gol incluido, le gusta menos que Sebas Moyano o Paulino. Para mi su mayor error en el Oviedo
🇸🇪SILEX🇪🇸"
@27Astur,"Sep 19, 2023","Yo tenía pensado ir a ver al oviedo este domingo desde Madrid, Ida y vuelta en el día, como hago muchas veces, pero si sigue Cervera PASO, aburre más q mirar un Acuario de almejas 
@RealOviedo
 #realoviedo
Oviedo siempre."
@OviedistaK04227,"Sep 19, 2023","Habría que recordar que el único canterano bueno de verdad que sacamos desde que ascendimos y el único extremo que metía goles, daba asistencias y sabía centrar, está en México por un capricho estúpido del  rarito de Cervera, que prefiere a jugadores como Moyano y Viti.
Xuan Fernández"
@xuan_fernandez,"Sep 19, 2023","Cervera, en su momento más delicado como técnico del Oviedo - La Nueva España
lne.es
Cervera, en su momento más delicado como técnico del Oviedo
La directiva está muy preocupada por la deriva del equipo en una crisis que apunta también al entrenador
OviedoBold"
@OviedoBold,"Sep 19, 2023","Ya 
@GrupoPachuca
 , Cervera OUT
OviedoBold"
@OviedoBold,"Sep 19, 2023","Sacad el comunicado 
@RealOviedo
, ni un minuto más de Cervera.
Paraschiv, Sucesor de Lacatus."
@beligeranteazul,"Sep 19, 2023","Replying to 
@naciogf
Estoy de acuerdo contigo el problema no es Cervera. Pero hay que echarlo los jugadores no están con él ni quieren hacer lo que les manda. El Oviedo a día de hoy no tiene once guerreros para poner de titulares de esos once siete u ocho son barbies. Mejor cortar el problema ahora


OviedoBold"
@OviedoBold,"Sep 19, 2023","Replying to 
@PabloFR_
Porque uno de ese perfil haya salido mal ahora van a tener que salir todos mal…como si nos fuese bien con el ultradefensivo Cervera.
Paraschiv, Sucesor de Lacatus."
@beligeranteazul,"Sep 19, 2023","Replying to 
@taranielloazul
Si se puede, pero para eso necesitas 11 sicarios del balón en el campo y Cervera no cuenta con ellos porque el Oviedo no tiene sicarios tiene diosas, ni ellos cuentan con Cervera porque no quieren correr, sólo hay que ver la intensidad con la que defienden sin balón....
Historia de Oviedo"
@Histoviedo,"Sep 19, 2023","Replying to 
@Histoviedo
 
@carlosalpunto
 and 3 others
Ahora ya entiendo las interacciones del Real Oviedo,ayer fue tendencia Cervera.
Pablo Fernández"
@PabloFR_,"Sep 19, 2023","Replying to 
@gonzaloabol
 and 
@DeOviedoalCielo
Pues va a dejar peor Cervera al Oviedo de lo que lo dejó Bolo
OviedoBold"
@OviedoBold,"Sep 19, 2023","Otro por aquí que no va a ir al Tartiere si Cervera sigue el Domingo 
@RealOviedo
. Lo siento, pero es por mi salud.
Diario Oviedista"
@DiariOVD,"Sep 19, 2023","Cervera, en su momento más delicado como técnico del Oviedo https://lne.es/real-oviedo/2023/09/19/cervera-momento-delicado-tecnico-oviedo-92263610.html?utm_source=twitter&utm_medium=social&utm_campaign=btn-share vía 
@lanuevaespana
lne.es
Cervera, en su momento más delicado como técnico del Oviedo
La directiva está muy preocupada por la deriva del equipo en una crisis que apunta también al entrenador
Spanish Segunda"
@SegundaSpanish,"Sep 19, 2023","ICYMI: Monday in Segunda

Andorra end their run of three defeats in a row and simultaneously hammer another nail in the Cervera coffin at Oviedo 

The game turned on a Julian Lobete penalty which was enough for Andorra to beat a injury ravaged Oviedo
OviedoBold"
@OviedoBold,"Sep 19, 2023","Que 
@RealOviedo
 , despertamos???? Fuera ya Cervera
jose luis"
@oviedin1,"Sep 19, 2023","Replying to 
@naciogf
Nació tu estás viendo todos los partidos del oviedo dime uno dónde hayamos jugado bien un poco contra el levante y nada más los dos últimos partidos cervera fue un cagón no arriesga nada y hoy lo hemos visto q ni contra 10 ye capaz de ir a por el partido y mira q soy de cervera


oviedista"
@__Oviedista__,"Sep 19, 2023","Algo que decir Ramon Julio?  Sigues pensando igual?  En San Mateo siempre había un circo, ahora el circo es el Oviedo de Cervera
El Loco Gatti 🇪🇦"
@gattimurcia,"Sep 19, 2023","Replying to 
@RealOviedo
Lo del Oviedo no tiene ningún sentido, tienen buena plantilla para estar más arriba, supuestamente este año habían apostado por intentar entrar en el playoff, con Cervera el año pasado acabaron como un tiro la temporada y ahora.... en fin, el fútbol a veces es increíble.
Nicolás en azul y blanco"
@nicolas_astur,"Sep 19, 2023","Cervera no me da confianza pero también es verdad que los árbitros SON MUY MALOS no es el primer penalti que no quieren pitar al Oviedo y el tema expulsiones en el derbi los de rojo debieron acabar con 9 y luego a nosotros nos dejan SIEMPRE con uno menos o nos lesionan a uno
Venerando Alvarez"
@VenerandoK,"Sep 19, 2023","Replying to 
@RealOviedo
Insisto el Oviedo jamás ganó llevando algo rosa en la equipacion. Por cierto ya habeis sacado el comunicado del cese se Cervera? A que esperais? No me digáis que no tenéis plan B vosotros tampoco 
@Pachuca
Juan Velázquez"
@juanvelazquezfd,"Sep 19, 2023","El Real Oviedo busca entrenador.
Cervera ha terminado su crédito con el club azul y los carbayones ya buscan nuevo entrenador.
El Oviedo intentará cerrar un nuevo entrenador antes del jueves, para que ante el Valladolid, el equipo llegué ""renovado"".
🐺Fran🐺"
@franchusco74,"Sep 19, 2023","Replying to 
@_RadioRO_
Cervera la ha cagado bastantes veces pero hoy no hay por donde cogerlo. La actitud de los jugadores lamentable también, se les ve sin ganas y la supuesta calidad que tienen no la demuestran. No veo fácil salida de esto, el Oviedo es peor que la droga
Eze Radice Cueto ⭐⭐⭐🌟⭐⭐⭐"
@EzeRadice,"Sep 19, 2023","Replying to 
@_ScreemFace_
Estamos continuamente trayendo entrenadores inútiles que solo pretenden defender y ganar de ogete si el rival se equivoca (llamese cervera, ziganda, anquela) basta de entrenadores inútiles en el real oviedo.. basta de pan para hoy y hambre para mañana..
oviedista"
@__Oviedista__,"Sep 19, 2023","El Oviedo debería de una tacada cesar a    Roberto Suárez, Cervera y al responsable de la renovación de este último por dos temporadas
Javicaleyas"
@Javidiaz78,"Sep 19, 2023","Mi percepción de Cervera desde que llegó a Oviedo, es que es un entrenador TOP para 2@, y que hemos tenido mucha suerte de que haya aceptado venir.Pero en sus rdp, declaraciones y gestos en el banquillo, nunca lo he acabado de ver agusto aquí, ni con la confianza de la propiedad.


Ángel"
@Agelm,"Sep 19, 2023","Replying to 
@Jandrini
Sale ovacionado en el Tartiere y hoy le mete en el minuto 85, dicen que no se habla con Cazorla y a Seoane no le deja jugar  con libertad y lo pone a defender. Cervera es para tener un equipo de chavales jóvenes que corran y no sean muy técnicos. El Real Oviedo te queda grande.
𝕍𝕚𝕥𝕣𝕚🔰"
@SerdelOviedo_,"Sep 18, 2023","Replying to 
@gerardiaz75
Pues no me parece descabellado apuñalar a Cervera
Grada Oviedo"
@GradaOviedo,"Sep 18, 2023","En los despachos del #RealOviedo se unen las decisiones sobre el nuevo refuerzo y el entrenador que estará entonces sentado en el banquillo. El mercado de agentes libres no ofrece ninguna alegría y Cervera se mueve en la cuerda del trapecista.
Piero Oviedo"
@Piero_Oviedo,"Sep 18, 2023","Replying to 
@CarismaOvetus
 and 
@ROCultureFans
E) y que determinado sector pueda por fin darse una palmada en el pecho y decir: “Ni con el método Cuco ni el de Cervera íbamos a ningún lado. Os lo dije!!!” 
Eso por encima del escudo.
TusmuertosNvinagre"
@2smor2sNvinagre,"Sep 18, 2023","Replying to 
@_RadioRO_
Yo creo que son los jugadores lo fácil es mirar para Cervera. Que rápido se nos olvida todo, no puede ser que pasen por el Oviedo 10 entrenadores y no valga ninguno,....hay que ser pacientes y confiar y volver a la buena senda pienso que con una victoria este Oviedo va a arrancar
Fútbol, Pan Y Circo"
@futbolpanycirco,"Sep 18, 2023","🔥🇦🇩 ¡𝙁𝙄𝙉𝘼𝙇 𝙀𝙉 𝙀𝙇 𝙀𝙎𝙏𝘼𝘿𝙄𝙊 𝙉𝘼𝘾𝙄𝙊𝙉𝘼𝙇!

⚔️ 🔵🟡🔴 
@fcandorra
 1-0 
@RealOviedo
 🔵⚪

🥅😕 El conjunto de Eder Sarabia deja muy tocado a un Oviedo penúltimo con un Cervera hundido tras ser derrotado por la mínima por un penalti.

#AndorraRealOviedo

✅ 
@Mario26G
Jorge Xurde"
@JorgeMartinzG,"Sep 18, 2023","En el momento que Cervera dice que en el partido no estaba pasando nada...y deja entrever que era lo que él buscaba...
Ell Oviedo no puede ir al campo del Andorra a que no pase nada. Tiene que ir a ganar el puto partido.
ElDesmarque Oviedo"
@DMQOviedo,"Sep 18, 2023","Cervera señala a Luismi: ""Con todo de cara nos expulsan a un jugador"" https://eldesmarque.com/futbol/real-oviedo/20230918/cervera-senala-a-luismi-con-todo-de-cara-nos-expulsan-a-un-jugador_300095773.html
OviedoBold"
@OviedoBold,"Sep 18, 2023","Replying to 
@RealOviedo
FUERA CERVERA



Guillermo Bañó"
@guillermobano,"Sep 18, 2023","Partido muy pobre del Oviedo, aunque para Cervera no ha sido tan malo ""porque han pasado pocas cosas"". 

3 puntos de 18 y otra temporada en la que se vuelven a confirmar las malas sensaciones de la pretemporada.

Cervera empezó la liga con el hándicap de las lesiones (Sigue 1/2)
Quote
FútbolAsturiano.es"
@FutbolAstur,"Sep 18, 2023","El Oviedo enciende las alarmas en Andorra.
Crónica y fotos en https://futbolasturiano.es/noticias14/0295.htm
La Voz de Asturias"
@lavozdeasturias,"Sep 18, 2023","SALA DE PRENSA | Cervera, tras la derrota del Oviedo en Andorra: «El de hoy es un golpe muy duro»
lavozdeasturias.es
Cervera, tras perder en Andorra: «El de hoy es un golpe muy duro»
«La situación es preocupante por muchas cosas», dice el entrenador del Real Oviedo. Los azules suman 3 puntos de 18
Iván Fornet"
@ivanfornet__,"Sep 18, 2023","Muchos comentando de que Cervera es el culpable de todo lo que está pasando en Oviedo pero vaya, para mí, no es el gran culpable...
Bretones ha caído en picado, Luismi se ha convertido en el nuevo Casemiro con las tarjetas, Seoane ""estrella""? Sin palabras y Borja cayó en picado..
#VidaJoker🃏🍍"
@VidaDepor,"Sep 18, 2023","Con el equipo y los mimbres que tiene el Oviedo y vaya pérdida de tiempo y ridículo están haciendo con Cervera. 

Hoy palmas el partido 1-0 y tu primer cambio es en el MINUTO 86.

Que lo echen ya que están a tiempo...
WorkingClass"
@WorkingClass_33,"Sep 18, 2023","Replying to 
@EzeRadice
 and 
@RealOviedo
Hoy no tiene disculpa Cervera, la ha cagado. Veremos como evoluciona todo, espero que tengas razón. Hala Oviedo!
pepinillotomatero"
@dafibetty,"Sep 18, 2023","Penoso el Oviedo y penoso Cervera.
Él quiere irse, los jugadores no quieren que sigan, con Cazorla no se habla..
Y la afición hasta los cojones, da igual que ahora saquen 13/18 con el que venga. Has tirado toda la temporada en la jornada 6.

Y espera que no sea un Depor 2.0
RAFA"
@RafitaOviedo,"Sep 18, 2023","Pues ya tardaste en verlo. Gracias por todo Cervera pero vete pa tu casa
Quote
DeportesCOPEAsturias"
@DeportesCopeA,"Sep 18, 2023","🔵 Cervera: ""Cuando se quedan con uno menos estaba esperando a ver cómo se posicionaban en el campo para realizar algún cambio. En ese impás, ha venido la segunda tarjeta de Luismi y todo ha ido al traste. Es un golpe muy duro""

#AndorraRealOviedo #DCA
Show more
Cristian Padilla"
@Kristian1989,"Sep 18, 2023","15 minutos entre expulsión y de expulsión. Cervera dice que estaba esperando a ver cómo se colocaban. La gestión que ha hecho de la segunda parte ha sido lamentable. No ha reaccionado. Dejó escapar el momento del Oviedo en el partido. Uno más sin tiros a puerta, ni contra 10


Samuel🟩 ۞ 🟩𝕳🇵🇸🔻"
@samiBA1975,"Sep 18, 2023","Replying to 
@CadizDani
Una pena por Cervera y Perera …. Pero q quieres q te diga, aún me acuerdo d como nos trataron allí en Oviedo y me pillo de cerca cómo tiraron al chaval en silla de rueda en la cuesta. Q se jodan y q se joda los Chumichurri d los cojones
Adrián"
@shurcasper,"Sep 18, 2023","A la gente del oviedo que tengo por aqui: Creeis que hay cama a Cervera? Como podeis jugar tan mal con mejor equipo?
Oviedo Capital"
@OviedoCapital,"Sep 18, 2023","Cervera DIMISIÓN 

AUTOCRÍTICA CERO
Quote
SER Deportivos Asturias"
@ASERDeportivos,"Sep 18, 2023","CERVERA: “Hemos conseguido venir a un campo donde el rival hace muchas ocasiones y que no pase nada. Cuando lo teníamos todo a favor… en un minuto se nos ha expulsado el jugador y cometemos un penalti. No tiene una explicación el partido”
Gustavo de Básica ( sarcasmo dicharachero)"
@MikeSarcasmo,"Sep 18, 2023","El Oviedo es el día de la marmota. Sigue mandando un tío a 10000km y pone un presidente de paja a 400000€ del ala. Entre eso y el sueldo de Cervera traemos al Cholo. Esto va a quedar como un solar. Solo
RadioRO"
@_RadioRO_,"Sep 18, 2023","Hoy os preguntamos… ¿Confiáis en Álvaro Cervera para dar la vuelta a la situación del Real Oviedo?
Si
24.6%
No
75.4%
2,138 votes
·
Final results
javifmedio"
@javifmedio,"Sep 18, 2023","Replying to 
@VaroOvd
no hay q echarle la culpa al arbitro sino a cervera q luismi con amarilla sigue en el campo en el campo en el 80, o q ningun jugador del  oviedo se coma al arbitro en el penalti. Pero vamos a seguir mirando para otro lao cervera q tamos guapos, hay q aprender de pacheta.
Jorge Cabeza"
@jorgecabeza69,"Sep 18, 2023","El Oviedo esta tardando en cargarse a Cervera, otro entrenador de la escuela conservista, juego ramplón y mediocre y muy muy defensivo, que viven de un año que le salió todo de cara...y aún así siguen teniendo cartel para equipos del fútbol profesional incomprensible un Ramis 2.0
J"
@juan14zgz,"Sep 18, 2023","Llega a venir aquí Cervera y me corto las venas. Si no tiene un equipo hecho para lo suyo le cuesta muchísimo y no es casualidad que Seoane no brille, terrible pinta el Oviedo.
Ángel"
@Agelm,"Sep 18, 2023","Qué harías con Cervera después de los resultados del Real Oviedo hasta ahora.


GabyLegendary"
@gabriel_gglz,"Sep 18, 2023","Replying to 
@RealOviedo
Cervera no puede ser entrenador del Oviedo ni un minuto más.
Djukan't (Ganar al Anchoas FC)"
@manu_miguelez10,"Sep 18, 2023","Es vergonzoso, que los jugadores del Oviedo, gasten 6 jornadas en hacerle la cama a Cervera eh, muy vergonzoso. Pensar que cada año vas a tener una racha ganadora que te lleve arriba puede costarte un susto pero que muy gordo.
Juanin HASSAN 🇪🇬 🇫🇷"
@juanin_oviedo,"Sep 18, 2023","Replying to 
@RealOviedo
Es triste y no pensaba que pudiera ser así… pero creo que Cervera se está autoechando… lamentable
Eze Radice Cueto ⭐⭐⭐🌟⭐⭐⭐"
@EzeRadice,"Sep 18, 2023","Replying to 
@EzeRadice
 and 
@mattuey
Perdón amigo estoy re caliente.. cervera tiene que agradecer que no vivo en oviedo porque sino lo iría a buscar para re cagarlo bien a piñas
Dani Fdez"
@dani_dfa9,"Sep 18, 2023","Replying to 
@dani_dfa9
Lo peor esq a dia de hoy no tengo ni un minimo punto de positivismo. Lo veo todo negro y ns si quiera si el oviedo podra rescindir economicamente a cervera a dia de hoy. Encima le sumas la mala suerte de las lesiones y ns hasta que punto habra parte de cama.
Mario Jiménez"
@MarioJimenezB_,"Sep 18, 2023","El Oviedo sigue teniendo rigor defensivo, concede poco, pero está muy lejos en faceta ofensiva. Apenas genera y sigue teniendo carencias para dominar con balón. Las lesiones se notan, pero Cervera tendrá que tocar más cosas. Aún no ha ganado y está descenso. Decepcionante.
OviedoBold"
@OviedoBold,"Sep 18, 2023","3 de 18 puntos, 3 empates, 3 derrotas, 0 victorias, 2 goles a favor. ESTA es la herencia de Cervera.
irene de tuiter"
@ireegleez,"Sep 18, 2023","como hoy/mañana el real oviedo no haga un comunicado echando a cervera arden las oficinas primer aviso
blin84"
@blin1984,"Sep 18, 2023","Cervera sigue siendo entrenador del Oviedo ??


Hala Oviedo"
@Futbol_Vida12,"Sep 18, 2023","Cervera vete ya
Gonzalo Díaz-Rubín"
@MinistroOviedo,"Sep 18, 2023","Pues hasta aquí me imagino que ha llegado Cervera ... ""Los ejércitos y las armadas, y más aún las armadas que los ejércitos, no se improvisan, sino que tienen que estar ya armados y organizados para cuando llegue el peligro…""
Trending Topic Fútbol ⚽🥅"
@t_topic_futbol,"Sep 18, 2023","#Cervera El puesto del entrenador del Oviedo corre peligro
Quote
Oviedismo en vena🇲🇽"
@EnOviedismo,"Sep 18, 2023","Cervera debe ser destituido?
Show this poll
Nin1972"
@nin1972,"Sep 18, 2023","Replying to 
@RealOviedo
Cervera, se un paisano, y dimite.........lo que hiciste hoy a los dos chavales pa traete a rastres hasta Oviedo.........iluminatis, que eres un iluminatis........de futbol ni puta idea
LisoEnjoyer💎"
@GominaDeRafaMir,"Sep 18, 2023","Estaría gracioso que Ziganda fuese al Oviedo y Cervera al Huesca. Bajan los 2 en febrero
Quote
Real Oviedo"
@RealOviedo,"Sep 18, 2023","⏹️ Final en el Estadio Nacional.

#AndorraRealOviedo 1-0
#VamosOviedo 🔵⚪
#DíadePartido
J.A. Bango"
@JosAntonioBango,"Sep 18, 2023","El Andorra tirando 1 vez a puerta de penalty y ganando al Oviedo. Dándole a Cervera su misma medicina.
Paco Olivares"
@Pakitoo_89,"Sep 18, 2023","Replying to 
@RealOviedo
Vaya ridículo! Cervera acaba de demostrar lo malo que es contra 10 y es incapaz de quitar un defensa o un medio y meter a Masca con Bastón e ir a por el partido. No hasta el 86 no hace cambios. Cervera que se quede en Andorra que no siga en el Oviedo, que vergüenza!
𝕍𝕚𝕥𝕣𝕚🔰"
@SerdelOviedo_,"Sep 18, 2023","Cervera si no quieres estar, dimite!!
Héctor López Álvarez"
@HECTORLOPEZALV2,"Sep 18, 2023","Cervera 👓
3/18
Saldrá ya la sabia prensona gijonesa a reconocer su ineptitud❓
Cervera era la virgen y tenía un equipón de la hostia.
Había cambiado al Oviedo radicslmente.
Mar era un aprendíz y tenía un equipo penoso.
Sí, acaba de empezar, a Bolo se lo cepillaron con 10/33


Siempresdp"
@siempresdp,"Sep 18, 2023","El Oviedo de Cervera es como la Ponfe de Pepe Gomes
Luis Angel"
@LuisAngelLlames,"Sep 18, 2023","Resumen del partido: somos el Oviedo. 
Cuánto más alto queremos apuntar,  mayor es la ostia. 
Siempre apoyé a Cervera,  pero lo de hoy...buffff. 
Le daría una semana más. 
Y si no sale bien,  que venga el siguiente
Héctor Álvarez"
@hectortt25,"Sep 18, 2023","Replying to 
@RealOviedo
Cesen a Cervera nada más llegar a Oviedo, esto es infumable
Eugenio Muñoz Fernández"
@eugemf7,"Sep 18, 2023","🔻 El Real Oviedo, penúltimo en Segunda.

Qué cruz. Partido con poco fútbol, alguna decisión discutible, tramos buenos de Colombatto o Moyano, y llegó el desastre de la nada. Lobete se invento todo… y 1-0.

Hay que despertar. No funciona nada, de Cervera a lo del verde.
David Sc"
@DavidSc84,"Sep 18, 2023","Equipo muerto. Mister muerto. Lamentablemente hay que echar a Cervera hoy. La expulsión de Luismi era evitable justamente con lo que hizo 3 min después, cambios. Fin de la etapa #Cervera #Oviedo 
@RealOviedo
CurrelaOviedo"
@VetustaFans,"Sep 18, 2023","Si no fuera porque hay que pagarle 2 años, Cervera ya no volvía a Oviedo.
Lo mejor, que es la jornada 6.
Lo peor, todo lo demás.
Y ahora el Valladolid 😂😂😂
Enol"
@Enol__gg,"Sep 18, 2023","Yo sigo confiando en Cervera, tiene culpa pero también está siendo perjudicado el real oviedo con los árbitros y mucho.
EL COMERCIO"
@elcomerciodigit,"Sep 18, 2023","🔵Final del partido: Andorra 1-0 Real Oviedo | Los de Álvaro Cervera ahondan en su mal comienzo de liga y siguen sin conocer la victoria tras una nueva derrota
elcomercio.es
Final del partido | El Oviedo pierde en Andorra y sigue de capa caída | El Comercio: Diario de...
Los de Álvaro Cervera ahondan en su mal comienzo de liga y siguen sin conocer la victoria tras una nueva derrota
DEIVY✌️"
@davidbaizan10,"Sep 18, 2023","Replying to 
@davidbaizan10
Floju partido del Oviedo. Cervera en la cuerda floja.


PRIMY"
@JUANMA__81,"Sep 18, 2023","La gente puede subirse al.barco que quiera,yo nunca  estuve en el.barco de un tío,que juega a  no jugar....ya me paso con ziganda....NO AL FUTBOL DE CERVERA...!!!! PUXA OVIEDO!!!!
Luis"
@asturlluis,"Sep 18, 2023","Cervera que no vuelva a Oviedo. Que se haga youtuber y que se quede en Andorra
A.Fernandez"
@cadistadezgz,"Sep 18, 2023","cervera que poco va a durar este año en el oviedo me parece 🙄
OviedoBold"
@OviedoBold,"Sep 18, 2023","Replying to 
@RealOviedo
FUERA CERVERA YA YA YA YA YA YA YA TA
Adrián 💢"
@RRC1913ADRI,"Sep 18, 2023","El Cervera huele que no llega a comer el turrón en Oviedo!
La Página del Oviedin"
@lapaginaoviedin,"Sep 18, 2023","😡 Final. Este equipo es un auténtico horror. Apesta a debacle. Sin carácter e incapaz de generar absolutamente nada. El crédito de Cervera parece agotado, no hay ni un solo viso de mejora. Desesperante. 
⚽️ ANDORRA 1 Real Oviedo 0.
Sergio"
@SergioAlonso,"Sep 18, 2023","Al menos ya nos quedó claro que a Cervera NO LE IMPORTA el Real Oviedo y lo único que quiere es cobrar su finiquito. Se ha reído del club. No merece seguir un minuto más #CerveraFuera
Aitor Posada"
@PosiOviedo,"Sep 18, 2023","Replying to 
@pedroallongo
Si Cervera quita a Luismi, jugando con uno más no nos hubieran expulsado a nadie.
Es increíble que no haga NADA cuando juegas con uno mas.
Se acabo el crédito, tienen que cesarlo.
Oviedo o Muerte"
@Uncontrolled94,"Sep 18, 2023","Tenía mis esperanzas puestas en Cervera pero eso se acabó.


Gonzalo Pérez"
@Gonzaaaapereez,"Sep 18, 2023","Andorra-oviedo
-Tarjeta roja al andorra en el 64’
- cervera no hace cambios
- luismi se autoexpulsa en el 79’
- el “mejor fichaje” de segunda sigue quitando puntos al oviedo con un penalti
- gol del andorra en el 81’
-cervera hace los tres cambios
El mejor entrenador de segunda🤣
El eslovaco"
@oviedo_o_muerte,"Sep 18, 2023","Replying to 
@RealOviedo
Ni aunq añadan 2 horas. Larguen a cervera ya!!!!
HumberPLlori"
@humberpuente,"Sep 18, 2023","Replying to 
@RealOviedo
 and 
@fcandorra
Cervera Nunca Mais. Ni en el Oviedo ni en ningún sitio. Por el bien del fútbol. #CerveraOUT
Oviedo siempre."
@OviedistaK04227,"Sep 18, 2023","Replying to 
@Stelios_RO
Lo de los jugadores es lamentable porque Cervera juega así . A nada. En otro equipo, con otro esquema, Seoane y Colombatto marcarían diferencias.
Aitor Posada"
@PosiOviedo,"Sep 18, 2023","La culpa de la expulsión de Luismi es de CERVERA, juegas con uno más y no proteges esa amarilla.
Juegas con uno más y no haces ni un cambio.
Me parece que el cambio de entrenador tiene que producirse ya.
Bastante peor que con Bolo.
LA VOZ DEL ZARAGOZA."
@LVZARAGOZA,"Sep 18, 2023","Mala pinta tiene el Real Oviedo.

⚽️ Les cuesta muchísimo hacer gol, penalizados por el estilo de juego de Álvaro Cervera.

👎Seoane, que apuntaba a ser su estrella, está dando un nivel bastante bajo por ahora.

💭 Queda casi toda la liga, pero un mal arranque penaliza mucho...
ShelbyOviedo"
@ShelbyOviedo,"Sep 18, 2023","Que nos entrene 
@MelendiOficial
 por favor 

Tiene más idea que Cervera 
@RealOviedo
The Sakhno Way"
@ZZTOP__,"Sep 18, 2023","Vaya terrible decepción Cervera. Peor entrenador que ha tenido el Oviedo desde que volvió a Segunda. Ha tenido la mejor plantilla de largo y ha hecho parecer a todos cojos. Qué hombre tan obtuso. Sólo sabe un modo de jugar al fútbol y es prehistórico. Inaguantable. Goodbye.
Dani Cádiz"
@CadizDani,"Sep 18, 2023","Me parece a mí que poco más le queda a Cervera en Oviedo


𝕍𝕚𝕥𝕣𝕚🔰"
@SerdelOviedo_,"Sep 18, 2023","Cervera tiene más ganas de pirarse del Oviedo que nosotros
Sergio"
@SergioAlonso,"Sep 18, 2023","El miserable de Cervera que se quede en Andorra dandole la brasa al Rubius con su defensa de cinco pero que deje de reirse del Oviedo.
Oviedo."
@AOviedoFN26,"Sep 18, 2023","Se me acabó la paciencia, Cervera out.
VOZCARBAYONA🎙💙"
@vozcarbayona,"Sep 18, 2023","Me da igual como quede el partido

Cervera fuera ¡YA!

El Oviedo en ataque lleva sin generar desde la temporada pasada, pero es que además en defensa están mucho más blandos que el año pasado

Cada partido, un expulsado

2 goles en 6 jornadas

Tras este mercado, es VERGONZOSO
Show more
Mundo Victor 🤟🏻"
@mundovictor30,"Sep 18, 2023","Hoy debe ser el último partido de Cervera en el Oviedo. Equipo totalmente vacío.
Emilio"
@emiliolg1985,"Sep 18, 2023","El peor Oviedo desde la vuelta a Segunda, de largo, no hubo ni un partido que diera la sensación de poder ganar, casi ni de poder hacer gol, y encima la sensación de que a Cervera se la suda un poco todo
STELIOS"
@Stelios_RO,"Sep 18, 2023","Lo de los jugadores es lamentable, pero Cervera acordándose que tiene cambios en el 86... le queda 1 semana en el Oviedo.
Lucía"
@Lucia_Ovd,"Sep 18, 2023","Como la etapa de Cervera en el Oviedo no se acabe hoy mismo tenemos un problema gordo


Alférez Meteoro"
@chinaski2015,"Sep 18, 2023","Para llorar, Cervera ni vuelvas a Oviedo por favor.
salvapbl8"
@salvapbl8,"Sep 18, 2023","ALVARO CERVERA DIMISIÓN  YA  . PARA QUE EL REAL OVIEDO  MEJORE DEBE CESAR YA DE YA A ALVARO CERVERA  . Y YO CREO QUE ALVARO CERVERA  SERA DESTITUIDO COMO ENTRENADOR  DEL REAL OVIEDO  ESTA  NOCHE SEGURO
MARTÌN"
@martiinb__,"Sep 18, 2023","Lo de Cervera de salir todos los partidos a que no te metan tenía pase cuando se ganaba pero es que da pena ver al Oviedo.
Solo Real Oviedo"
@Fertyper,"Sep 18, 2023","Replying to 
@RealOviedo
 and 
@fcandorra
Cervera fuera ya por dios,es infumable ver los partidos de este equipo,madre mia
Morty"
@BobbyJewish,"Sep 18, 2023","Te amo Cervera. Hunde al Oviedo
Sergio"
@SergioAlonso,"Sep 18, 2023","Cervera es el peor entrenador que ha tenido el Oviedo desde que bajamos a 1ª. No lo pongo por encima del Lobo Carrasco siquiera. A tomar por el culo ya.
Diego Campos"
@Kampos46,"Sep 18, 2023","El Oviedo es una banda de cuidado, no se puede permitir esta imagen.
Los minutos con un jugador más son una auténtica vergüenza.

Y para mí, el unico culpable es Cervera.
ShelbyOviedo"
@ShelbyOviedo,"Sep 18, 2023","Fuera ya 
@RealOviedo
 

Puta vergüenza-

Cervera a casa 

Y a dar 4 voces esta noche en el vestuario
Iván Riera"
@Ivan_Riera21,"Sep 18, 2023","Este Oviedo de Cervera vive ya sin personalidad ni señales de vida.... Mira que no es mal entrenador pero deberia dar un paso al lado


Ethan Edwards"
@DRS2026,"Sep 18, 2023","Replying to 
@RealOviedo
 and 
@fcandorra
Cervera no puede ser entrenador del Oviedo el lunes.
Jorge Xurde"
@JorgeMartinzG,"Sep 18, 2023","A Cervera le queda un partido. Y yo no creo que sea sea culpa de él tampoco. La culpa es de que El Real Oviedo es un puto equipo DESGRACiADO. Y contra eso no se puede luchar. A la mierda.
Hugo"
@Hug0VD,"Sep 18, 2023","Podeis contarme la milonga que querias. 18 min con 1 mas, 0 ambicion. Cervera sobra en el Oviedo, no es entrenador para este equipo, y ya esta. Lo demas, historias para no dormir. Sigan aguantandolo. 3 de 18 eh
Diego"
@diegolfro,"Sep 18, 2023","Por favor, que echen a Cervera ya hoy porque nos está condenando a luchar por no descender. Y que suban a cualquiera, al entrenador del infantil si es necesario. 3 de 18, peor que con Bolo, e inoperantes en ataque. Fuera del Oviedo ya.
Sr. Real Oviedo"
@Sr_oviedista,"Sep 18, 2023","Replying to 
@RealOviedo
Largar a Cervera joder!!!! Fuera!!!!!!
Oviedo Capital"
@OviedoCapital,"Sep 18, 2023","CERVERA LÁRGATE 

CC 
@RealOviedo
Sr. Real Oviedo"
@Sr_oviedista,"Sep 18, 2023","Cervera fuera del 
@RealOviedo
 !!!! Con 10 ellos y no quitas un central pa poner delantero o medio! Eres un cagón!!! Fuera de Oviedo !!!!! Ni puta idea!!!
OviedoBold"
@OviedoBold,"Sep 18, 2023","CERVERA FUERA
Oviedo siempre."
@OviedistaK04227,"Sep 18, 2023","Ya valió la broma. Cervera a la mierda de una vez.


Pablo A. Mendiola"
@BlimpaH,"Sep 18, 2023","Aquí un soldado menos de Cervera. Soldado del Real Oviedo
🐺"
@reycarbayon,"Sep 18, 2023","Replying to 
@RealOviedo
 and 
@fcandorra
CERVERA FUERA YA
Oviedo💙🐺💙"
@JavierCaboGonza,"Sep 18, 2023","Somos una puta banda, si el domingo sigue Cervera va ir al tartiere su puta madre,
Chechu García Amaro"
@chechu_garcia18,"Sep 18, 2023","@RealOviedo
 a ver si mandamos lejos a Cervera y su forma de jugar. Por qué es una pena ver jugar al Oviedo
OviedoBold"
@OviedoBold,"Sep 18, 2023","Replying to 
@RealOviedo
CERVERA NO PUEDE VOLVER A OVIEDO
OviedoBold"
@OviedoBold,"Sep 18, 2023","VETE YA CERVERA
Minipilatos 33%"
@minipilatos,"Sep 18, 2023","Que el Oviedo este con uno más y Cervera no quite la defensa de 5 es de rigurosa coña
#AndorraRealOviedo
ShelbyOviedo"
@ShelbyOviedo,"Sep 18, 2023","Replying to 
@taranielloazul
 and 
@RealOviedo
Desesperante 

Toca cambio de entrenador 

Gracias y adiós , Cervera
Oviedo Capital"
@OviedoCapital,"Sep 18, 2023","Oye 
@RealOviedo
 ¿Cervera está buscando que le echéis?


Oviedo1926"
@SoydelOviedo,"Sep 18, 2023","Cervera es un puto cagon.. no hace cambios ofensivos ni aunque expulsen a otro..
Jorge Bueno"
@jorgebuenolo,"Sep 18, 2023","Con la expulsión de Scheidler, Cervera tiene el partido en su mano. El Oviedo ha conseguido aguantar el plan del Andorra, pero ahora son ellos los que deben llevar la iniciativa e ir a por el gol. 20’ para saber si son capaces de sumar el primer +3. 

#AndorraRealOviedo
𝕍𝕚𝕥𝕣𝕚🔰"
@SerdelOviedo_,"Sep 18, 2023","Cervera mete a Masca!!!!!!
ALGA"
@DireccionNgel,"Sep 18, 2023","Replying to 
@RealOviedo
Cervera qué cojones hace Borja fuera del área todo el partido? De los 32 goles que marcó con el Oviedo los 32 fueron al primer toque DENTRO del área. No hay nadie que le enseñe esta estadística a este inutil
Cristian Padilla"
@Kristian1989,"Sep 18, 2023","El Oviedo sigue siendo estéticamente difícil de ver. Pero creo que Cervera estará satisfecho al descanso. El equipo juega con orden y no ha llegado menos a zona de peligro que su rival. Si uno de los dos equipos no está cómodo es el Andorra. Aunque queda mucho y hay que tirar…
Victor Cañedo"
@VictorOviedista,"Sep 18, 2023","Si esto sigue así Cervera va a durar poco en el Oviedo.
Fútbol, Pan Y Circo"
@futbolpanycirco,"Sep 18, 2023","✅🔥 ¡YA HAY XI'S EN EL ESTADI NACIONAL! (21H):

CF Andorra: 🔵🟡🔴 Los de Eder Sarabia sorprenden sin la presencia de Rubén Bover, Manu Nieto o Álex Calvo.

Real Oviedo: 🔵⚪ Álvaro Cervera apuesta por Luismi y Luengo antes que Jimmy Pomares. 

#AndorraRealOviedo

✅ 
@Mario26G
Show more
Grada Oviedo"
@GradaOviedo,"Sep 18, 2023","Con las bajas pocas opciones le quedan a Cervera. Paulino y Masca para entrar en la segunda parte y Jimmy como posible reemplazo de Luismi o Colombatto. Y cruzar los dedos para que no haya más lesiones.
Killer Asturias"
@killer_asturias,"Sep 18, 2023","👍 Cervera apuesta por Seoane

⚔️ El once del Oviedo en Andorra


Spanish Segunda"
@SegundaSpanish,"Sep 18, 2023","Monday in Segunda 

A massively depleted Oviedo travel to Andorra with Cervera’s future in the balance 

They face an attractive Andorra side who after winning their first two have now lost their last three with Sarabia fuming with their defending last week vs Mirandes
SER Deportivos Asturias"
@ASERDeportivos,"Sep 18, 2023","#SERDeportivosAsturias |  ¡Empezamos!

🏋‍Posible once del Oviedo
🗣 Escuchamos Cervera y Sarabia
💭Previa: 
@CaliGlezL
, 
@MGago11
 y  David Sansaloni (SER Andorra)
⚽ 2ª RFEF, 3ª y 
@RealOviedoFem

🏎 F1 con 
@carbaplayu
 
🏀 Poli

💻 http://Radioasturias.com
📲 App 
@La_SER

📻 100.9 FM
Show more
Radio MARCA Asturias"
@RMarcaAsturias,"Sep 18, 2023","🔵 Actualidad del Real Oviedo con 
@Gabri_Gallego13
 

⚔️ Previa del partido ante el 
@fcandorra
 (21:00 horas) 

🗣️ Escuchamos a Álvaro Cervera 

#DirectoMarcaAsturias
Diego Gonzalez"
@diegogonzalez_9,"Sep 18, 2023","El Real Oviedo tiene un margen de mejora importante, pero las jornadas pasan. Solo una victoria va a cerrar esa brecha entre lo que debería ser el equipo y lo que es. Cervera lo sabe y hoy arriesgará


José Felix García Marañón"
@Maramister,"Sep 17, 2023","Los factores externos, condicionan en los futbolistas los buenos valores que el fútbol puede aportar a la sociedad.
R. Oviedo [ A.Cervera], Sporting Gijon [ Ramírez].
Comite Asturiano de Entrenadores.
Grada Oviedo"
@GradaOviedo,"Sep 17, 2023","Álvaro Cervera atento al Cádiz y el entrenador del #RealOviedo Anquela al fondo.
Quote
Grada Oviedo"
@GradaOviedo,"Sep 17, 2023","🗓 El 17 de septiembre de 2017 el #RealOviedo de Anquela derrotaba 1-0 al Cádiz de Álvaro Cervera. Toché controlaba dentro del área un buen pase interior de Berjón para batir al guardameta cadista. La renta pudo ser más amplia con un Oviedo de perfil ofensivo en el Tartiere.
Sergio"
@SergioAlonso,"Sep 17, 2023","Cervera es un llorón impresentable que está haciendo daño al Oviedo y cuando lo echen descubriréis lo idiotas que habéis sido por apoyarle. El enemigo en casa.
Grada Oviedo"
@GradaOviedo,"Sep 17, 2023","🗓 El 17 de septiembre de 2017 el #RealOviedo de Anquela derrotaba 1-0 al Cádiz de Álvaro Cervera. Toché controlaba dentro del área un buen pase interior de Berjón para batir al guardameta cadista. La renta pudo ser más amplia con un Oviedo de perfil ofensivo en el Tartiere.
Killer Asturias"
@killer_asturias,"Sep 17, 2023","🔢 La convocatoria del Oviedo: Colombatto entra en escena y Cervera tira del filial 

👉 El técnico carbayón cita a 18 futbolistas para el partido ante el Andorra
killerasturias.com
La convocatoria del Oviedo: Colombatto entra en escena y Cervera tira del filial | Killer Asturias
Tras el último entrenamiento de la semana y posterior rueda de prensa de Álvaro Cervera, el Real Oviedo ya ha hecho oficial la convocatoria para el encuentro de mañana ante el FC Andorra.
Alejandro"
@Alejandro_Efese,"Sep 17, 2023","Replying to 
@rodriolidani
 
@Caperuzo_efese
 and 
@Eva_Lledo98
Por perfil de entrenadores fichados en cada equipo... En Eibar pinta más Carrión, que su estilo se parece más al de Etxeberria, y en Oviedo pinta más Calero, del estilo de Cervera


ElDesmarque Oviedo"
@DMQOviedo,"Sep 17, 2023","El Oviedo, con dos novedades y sin laterales derechos: la convocatoria de Álvaro Cervera https://eldesmarque.com/futbol/real-oviedo/20230917/el-oviedo-con-dos-novedades-y-sin-laterales-derechos-la-convocatoria-de-alvaro-cervera_300094040.html
David"
@Davidmnndz_,"Sep 17, 2023","El Oviedo tiene a un lateral derecho en el filial con una pinta estupenda. Bien, pues se quedan sin laterales derechos y Cervera sigue sin convocarlo...
Quote
Real Oviedo"
@RealOviedo,"Sep 17, 2023","📋 18 convocados por Álvaro Cervera para el #AndorraRealOviedo

#RealOviedo 🔵⚪️
La Voz de Asturias"
@lavozdeasturias,"Sep 17, 2023","Cervera, técnico del Real Oviedo: «El tema de las lesiones es una desgracia»
lavozdeasturias.es
Cervera: «El tema de las lesiones es una desgracia»
«No tenía pensado volver a defensa de cuatro este fin de semana, la lesión de Mario no cambia lo que haremos en Andorra», dice el entrenador del Real Oviedo
Real Oviedo - Proud of You"
@RealOviedoPOY,"Sep 17, 2023","📋 Álvaro Cervera's 18-man squad for #AndorraRealOviedo

#RealOviedo 
#ProudOfYou 🔵⚪️
Real Oviedo"
@RealOviedo,"Sep 17, 2023","📋 18 convocados por Álvaro Cervera para el #AndorraRealOviedo

#RealOviedo 🔵⚪️
From realoviedo.es
oviedon"
@eldieguny,"Sep 17, 2023","Replying to 
@Bisueno2
 
@MarcosCarbayin
 and 
@Nacho__suarez
Es increíble como nos quiere manejar la prensa, si oyes las declaraciones completas, cualquiera estaria de acuerdo con lo que dijo Cervera, pero como siempre ya quieren empezar a influir y meter mierda al club, el periodismo del Real Oviedo, como siempre


Diario Oviedista"
@DiariOVD,"Sep 17, 2023","Cervera busca encaje a Seoane y Colombatto en el once del Oviedo       https://elcomercio.es/real-oviedo/cervera-busca-encaje-seoane-colombatto-once-oviedo-20230917021008-nt.html#vca=fixed-btn&vso=rrss&vmc=tw&vli=real-oviedo vía 
@elcomerciodigit
Eulogio García Alons"
@logi1979,"Sep 17, 2023","No os recuerda al Oviedo de Cervera?
Quote
Juan Génova"
@JuanGenova980,"Sep 16, 2023","Roberto De Zerbi (ayer) sobre jugar en Old Trafford: ""No quiero ser un turista. Queremos jugar de la manera correcta, queremos ganar. El ADN del Brighton es intentar ganar jugando bien y manteniendo el balón"". https://x.com/videosjrg1/sta/Videosjrg1/status/1703089009071645150/video/1
Vetusta"
@DeOviedoalCielo,"Sep 17, 2023","Replying to 
@juanma70s
Para mí Cervera  ya tiene el ""ciclo"" cumplido en el Oviedo😑"
